_id,_full_text,ID_UEV,CIVIQUE_DEBUT,CIVIQUE_FIN,NOM_RUE,SUITE_DEBUT,MUNICIPALITE,ETAGE_HORS_SOL,NOMBRE_LOGEMENT,ANNEE_CONSTRUCTION,CODE_UTILISATION,LETTRE_DEBUT,LETTRE_FIN,LIBELLE_UTILISATION,CATEGORIE_UEF,MATRICULE83,SUPERFICIE_TERRAIN,SUPERFICIE_BATIMENT,NO_ARROND_ILE_CUM
32,"-000':20 '-0000':21 '-4':19 '-5794':18 '-64':17 '03082492':1 '1000':13 '1152':23 '1964':12 '25':11 '344':22 '4':10 '50':9 '810':2,3 '9343':16 'de':5 'lièg':6 'logement':14 'mtl':8 'ouest':7 'rem25':24 'rue':4 'régulier':15",3082492,810,810,rue de Liège Ouest  ,,50,4,25,1964,1000,,,Logement,Régulier,9343-64-5794-4-000-0000,344,1152,Arrondissement de Villeray - Saint-Michel - Parc-Extension (Montréal)
127,"-0':17 '-000':18 '-0000':19 '-27':15 '-8148':16 '01010876':1 '1000':11 '1068':20 '1921':10 '2197':21 '26':9 '29':7 '3':8 '52':2,3 '9737':14 'academi':4 'logement':12 'rem99':22 'road':5 'régulier':13 'wmt':6",1010876,52,52,Academy Road  ,,29,3,26,1921,1000,,,Logement,Régulier,9737-27-8148-0-000-0000,1068,2197,(Westmount)
228,"-0':18 '-000':19 '-0000':20 '-1432':17 '-77':16 '01001695':1 '1000':12 '1968':11 '24':10 '3':9 '350':21 '50':8 '5043':2,3 '738':22 '9742':15 'bullion':6 'de':5 'logement':13 'mtl':7 'rem21':23 'rue':4 'régulier':14",1001695,5043,5043,rue De Bullion  ,,50,3,24,1968,1000,,,Logement,Régulier,9742-77-1432-0-000-0000,350,738,Arrondissement du Plateau-Mont-Royal (Montréal)
258,-0':19 '-000':20 '-0000':21 '-17':17 '-9722':18 '01002045':1 '1000':13 '1012':22 '1926':12 '26':11 '4':10 '4151':23 '4584':2 '4596':3 '50':9 '9842':16 'deni':7 'logement':14 'mtl':8 'rem21':24 'rue':4 'régulier':15 'saint':6 'saint-deni':5,1002045,4584,4596,rue Saint-Denis  ,,50,4,26,1926,1000,,,Logement,Régulier,9842-17-9722-0-000-0000,1012,4151,Arrondissement du Plateau-Mont-Royal (Montréal)
313,-000':19 '-0000':20 '-2232':17 '-60':16 '-9':18 '01001029':1 '1000':12 '1284':22 '1931':11 '32':10 '4':9 '4669':2 '4671':3 '50':8 '509':21 '9742':15 'avenu':4 'du':5 'logement':13 'mtl':7 'parc':6 'rem21':23 'régulier':14,1001029,4669,4671,avenue du Parc  ,,50,4,32,1931,1000,,,Logement,Régulier,9742-60-2232-9-000-0000,509,1284,Arrondissement du Plateau-Mont-Royal (Montréal)
378,"-000':18 '-0000':19 '-2':17 '-5603':16 '-78':15 '01037825':1 '1000':11 '1870':10 '21':9 '271':20 '3547':2,3 '4':8 '50':7 '828':21 '9840':14 'logement':12 'mtl':6 'rem21':22 'rue':4 'régulier':13 'univers':5",1037825,3547,3547,rue University  ,,50,4,21,1870,1000,,,Logement,Régulier,9840-78-5603-2-000-0000,271,828,Arrondissement du Plateau-Mont-Royal (Montréal)
556,-000':20 '-0000':21 '-1':19 '-2423':18 '-85':17 '01035890':1 '1000':13 '1002':22 '1302':23 '1976':12 '23':11 '3':10 '50':9 '805':2 '825':3 '9737':16 'logement':14 'mtl':8 'philipp':7 'rem20':24 'rue':4 'régulier':15 'saint':6 'saint-philipp':5,1035890,805,825,rue Saint-Philippe  ,,50,3,23,1976,1000,,,Logement,Régulier,9737-85-2423-1-000-0000,1002,1302,Arrondissement du Sud-Ouest (Montréal)
581,"-000':18 '-0000':19 '-27':15 '-3':17 '-4438':16 '01039490':1 '1000':11 '1122':20 '1535':2,3 '1940':10 '23':9 '2780':21 '4':8 '50':7 '9839':14 'avenu':4 'logement':12 'mtl':6 'rem19':22 'régulier':13 'summerhil':5",1039490,1535,1535,avenue Summerhill  ,,50,4,23,1940,1000,,,Logement,Régulier,9839-27-4438-3-000-0000,1122,2780,Arrondissement de Ville-Marie (Montréal)
978,"-0':22 '-000':23 '-0000':24 '-7607':21 '-87':20 '01001748':1 '1000':16 '1959':15 '29':14 '3':13 '4879':2 '4895':3 '50':12 '511':25 '861':26 '9742':19 'avenu':4 'de':5,9 'hôtel':8 'hôtel-de-vill':7 'l':6 'logement':17 'mtl':11 'rem21':27 'régulier':18 'vill':10",1001748,4879,4895,avenue de l' Hôtel-de-Ville  ,,50,3,29,1959,1000,,,Logement,Régulier,9742-87-7607-0-000-0000,511,861,Arrondissement du Plateau-Mont-Royal (Montréal)
1015,"-000':20 '-0000':21 '-0316':18 '-5':19 '-53':17 '03073561':1 '1000':13 '1007':22 '1959':12 '2649':23 '29':11 '2930':2,3 '5':10 '50':9 '9540':16 'boulevard':4 'logement':14 'montpetit':7 'mtl':8 'rem34':24 'régulier':15 'édouard':6 'édouard-montpetit':5",3073561,2930,2930,boulevard Édouard-Montpetit  ,,50,5,29,1959,1000,,,Logement,Régulier,9540-53-0316-5-000-0000,1007,2649,Arrondissement de Côte-des-Neiges - Notre-Dame-de-Grâce (Montréal)
1082,-000':20 '-0000':21 '-6925':18 '-79':17 '-8':19 '01036958':1 '1000':13 '1214':22 '1943':12 '2051':2 '2085':3 '32':11 '3856':23 '4':10 '50':9 '9839':16 'de':5 'la':6 'logement':14 'montagn':7 'mtl':8 'rem19':24 'rue':4 'régulier':15,1036958,2051,2085,rue de la Montagne  ,,50,4,32,1943,1000,,,Logement,Régulier,9839-79-6925-8-000-0000,1214,3856,Arrondissement de Ville-Marie (Montréal)
1095,"-000':18 '-0000':19 '-0322':16 '-3':17 '-42':15 '02082937':1 '1000':11 '1267':20 '1443':21 '1967':10 '21':9 '3':8 '50':7 '7050':2,3 '9848':14 'boulevard':4 'logement':12 'rem14':22 'régulier':13 'sln':6 'viau':5",2082937,7050,7050,boulevard Viau  ,,50,3,21,1967,1000,,,Logement,Régulier,9848-42-0322-3-000-0000,1267,1443,Saint Leonard
1255,"-000':21 '-0000':22 '-6251':19 '-8':20 '-87':18 '01002513':1 '1000':14 '1163':24 '1922':13 '224':2,3 '25':12 '3':11 '50':10 '565':23 '9742':17 'boulevard':4 'est':8 'joseph':7 'logement':15 'mtl':9 'rem21':25 'régulier':16 'saint':6 'saint-joseph':5",1002513,224,224,boulevard Saint-Joseph Est  ,,50,3,25,1922,1000,,,Logement,Régulier,9742-87-6251-8-000-0000,565,1163,Arrondissement du Plateau-Mont-Royal (Montréal)
1443,"-000':21 '-0000':22 '-2':20 '-7816':19 '-79':18 '01006195':1 '1000':14 '1471':23 '1928':13 '20':12 '29':10 '3':11 '3055':2,3 '3104':24 '9738':17 'logement':15 'mtl':7 'mto':8 'ouest':6 'rem99':25 'rue':4 'régulier':16 'sherbrook':5 'wmt':9",1006195,3055,3055,rue Sherbrooke Ouest  ,,29,3,20,1928,1000,,,Logement,Régulier,9738-79-7816-2-000-0000,1471,3104,(Westmount)
1474,"-000':19 '-0000':20 '-3':18 '-4781':17 '-97':16 '01041590':1 '1000':12 '1347':22 '1966':11 '34':10 '4':9 '442':21 '50':8 '960':2,3 '9842':15 'est':6 'logement':13 'mtl':7 'rachel':5 'rem21':23 'rue':4 'régulier':14",1041590,960,960,rue Rachel Est  ,,50,4,34,1966,1000,,,Logement,Régulier,9842-97-4781-3-000-0000,442,1347,Arrondissement du Plateau-Mont-Royal (Montréal)
1786,"-000':19 '-0000':20 '-1332':17 '-2':18 '-40':16 '01036481':1 '1000':12 '1237':22 '1885':11 '23':10 '3':9 '3467':2,3 '50':8 '975':21 '9840':15 'avenu':4 'du':5 'logement':13 'mtl':7 'musé':6 'rem19':23 'régulier':14",1036481,3467,3467,avenue du Musée  ,,50,3,23,1885,1000,,,Logement,Régulier,9840-40-1332-2-000-0000,975,1237,Arrondissement de Ville-Marie (Montréal)
1885,-000':20 '-0000':21 '-50':17 '-6':19 '-7075':18 '0040':16 '01036271':1 '1000':13 '119':2 '123':3 '1982':12 '39':11 '4398':23 '50':9 '7':10 '850':22 'logement':14 'mtl':8 'pierr':7 'rem19':24 'rue':4 'régulier':15 'saint':6 'saint-pierr':5,1036271,119,123,rue Saint-Pierre  ,,50,7,39,1982,1000,,,Logement,Régulier,0040-50-7075-6-000-0000,850,4398,Arrondissement de Ville-Marie (Montréal)
1892,-000':18 '-0000':19 '-07':15 '-5':17 '-8886':16 '01002015':1 '1000':11 '1275':21 '1957':10 '27':9 '357':20 '397':2 '399':3 '4':8 '50':7 '9842':14 'gilford':5 'logement':12 'mtl':6 'rem21':22 'rue':4 'régulier':13,1002015,397,399,rue Gilford  ,,50,4,27,1957,1000,,,Logement,Régulier,9842-07-8886-5-000-0000,357,1275,Arrondissement du Plateau-Mont-Royal (Montréal)
1958,-000':19 '-0000':20 '-4512':17 '-5':18 '-69':16 '01000801':1 '1000':12 '1038':21 '1912':11 '2171':22 '28':10 '3':9 '4605':2 '4611':3 '50':8 '9741':15 'hutchison':5 'logement':13 'mtl':6 'rem21':23 'rue':4 'régulier':14,1000801,4605,4611,rue Hutchison  ,,50,3,28,1912,1000,,,Logement,Régulier,9741-69-4512-5-000-0000,1038,2171,Arrondissement du Plateau-Mont-Royal (Montréal)
2107,"-000':20 '-0000':21 '-1':19 '-15':17 '-5851':18 '01041265':1 '1000':13 '1971':12 '2036':2,3 '2379':23 '2422':22 '3':10 '30':11 '50':9 '9938':16 'avenu':4 'groulx':7 'lionel':6 'lionel-groulx':5 'logement':14 'mtl':8 'rem20':24 'régulier':15",1041265,2036,2036,avenue Lionel-Groulx  ,,50,3,30,1971,1000,,,Logement,Régulier,9938-15-5851-1-000-0000,2422,2379,Arrondissement du Sud-Ouest (Montréal)
2225,"-000':18 '-0000':19 '-04':15 '-5':17 '-6555':16 '01007072':1 '1000':11 '1167':20 '1960':10 '29':7 '30':2,3 '36':9 '4192':21 '7':8 '9738':14 'logement':12 'rem99':22 'rue':4 'régulier':13 'stanton':5 'wmt':6",1007072,30,30,rue Stanton  ,,29,7,36,1960,1000,,,Logement,Régulier,9738-04-6555-5-000-0000,1167,4192,(Westmount)
2470,"-000':18 '-0000':19 '-3':17 '-78':15 '-9974':16 '01038321':1 '1000':11 '1962':10 '305':20 '32':9 '3555':2,3 '4':8 '50':7 '984':21 '9840':14 'avenu':4 'logement':12 'lorn':5 'mtl':6 'rem21':22 'régulier':13",1038321,3555,3555,avenue Lorne  ,,50,4,32,1962,1000,,,Logement,Régulier,9840-78-9974-3-000-0000,305,984,Arrondissement du Plateau-Mont-Royal (Montréal)
2586,"-000':20 '-0000':21 '-1459':18 '-2':19 '-31':17 '01036365':1 '1000':13 '1943':12 '2109':23 '3650':2,3 '37':11 '5':10 '50':9 '940':22 '9840':16 'de':5 'la':6 'logement':14 'montagn':7 'mtl':8 'rem19':24 'rue':4 'régulier':15",1036365,3650,3650,rue de la Montagne  ,,50,5,37,1943,1000,,,Logement,Régulier,9840-31-1459-2-000-0000,940,2109,Arrondissement de Ville-Marie (Montréal)
2603,-000':18 '-0000':19 '-2':17 '-7228':16 '-81':15 '01004759':1 '1000':11 '1850':2 '1910':3 '1986':10 '2277':20 '24':9 '2636':21 '3':8 '50':7 '9938':14 'logement':12 'mtl':6 'rem20':22 'richardson':5 'rue':4 'régulier':13,1004759,1850,1910,rue Richardson  ,,50,3,24,1986,1000,,,Logement,Régulier,9938-81-7228-2-000-0000,2277,2636,Arrondissement du Sud-Ouest (Montréal)
2891,"-000':21 '-0000':22 '-3360':19 '-43':18 '-7':20 '01037708':1 '1000':14 '1506':24 '1845':2,3 '1929':13 '27':12 '4':11 '50':10 '572':23 '9839':17 'boulevard':4 'de':5 'logement':15 'maisonneuv':6 'mtl':8 'ouest':7 'rem19':25 'régulier':16 'wmt':9",1037708,1845,1845,boulevard De Maisonneuve Ouest  ,,50,4,27,1929,1000,,,Logement,Régulier,9839-43-3360-7-000-0000,572,1506,Arrondissement de Ville-Marie (Montréal)
3088,"-000':20 '-0000':21 '-0229':18 '-7':19 '-96':17 '05054918':1 '1000':13 '1623':22 '1967':12 '2925':2,3 '2934':23 '36':11 '4':10 '50':9 '8933':16 'lch':8 'logement':14 'loui':6 'louis-paré':5 'paré':7 'rem27':24 'rue':4 'régulier':15",5054918,2925,2925,rue Louis-Paré  ,,50,4,36,1967,1000,,,Logement,Régulier,8933-96-0229-7-000-0000,1623,2934,Arrondissement de Lachine (Montréal)
3226,-000':19 '-0000':20 '-0774':17 '-2':18 '-24':16 '0042':15 '01035513':1 '1000':12 '1350':2 '1398':3 '1542':21 '1880':11 '2020':22 '24':10 '3':9 '50':8 'fontain':6 'la':5 'logement':13 'mtl':7 'rem19':23 'rue':4 'régulier':14,1035513,1350,1398,rue La Fontaine  ,,50,3,24,1880,1000,,,Logement,Régulier,0042-24-0774-2-000-0000,1542,2020,Arrondissement de Ville-Marie (Montréal)
3308,-000':18 '-0000':19 '-03':15 '-3':17 '-5239':16 '01036955':1 '1000':11 '1070':2 '1076':3 '2019':10 '2389':21 '35':9 '5':8 '50':7 '664':20 '9939':14 'logement':12 'mackay':5 'mtl':6 'rem19':22 'rue':4 'régulier':13,1036955,1070,1076,rue Mackay  ,,50,5,35,2019,1000,,,Logement,Régulier,9939-03-5239-3-000-0000,664,2389,Arrondissement de Ville-Marie (Montréal)
3359,-000':18 '-0000':19 '-4877':16 '-59':15 '-7':17 '0041':14 '01040349':1 '1000':11 '1076':21 '1185':2 '1197':3 '1915':10 '3':8 '40':9 '50':7 '632':20 'logement':12 'montcalm':5 'mtl':6 'rem19':22 'rue':4 'régulier':13,1040349,1185,1197,rue Montcalm  ,,50,3,40,1915,1000,,,Logement,Régulier,0041-59-4877-7-000-0000,632,1076,Arrondissement de Ville-Marie (Montréal)
3396,"-000':19 '-0000':20 '-71':16 '-7458':17 '-8':18 '01037926':1 '1000':12 '1545':21 '1941':11 '3500':2,3 '37':10 '4904':22 '5':9 '50':8 '9739':15 'atwat':5 'avenu':4 'logement':13 'mtl':6 'rem19':23 'régulier':14 'wmt':7",1037926,3500,3500,avenue Atwater  ,,50,5,37,1941,1000,,,Logement,Régulier,9739-71-7458-8-000-0000,1545,4904,Arrondissement de Ville-Marie (Montréal)
3758,-000':18 '-0000':19 '-0030':16 '-4':17 '-48':15 '01010894':1 '1000':11 '1135':20 '1928':10 '1972':21 '28':9 '29':7 '3':8 '5':2 '7':3 '9737':14 'logement':12 'park':4 'place':5 'rem99':22 'régulier':13 'wmt':6,1010894,5,7,Park Place  ,,29,3,28,1928,1000,,,Logement,Régulier,9737-48-0030-4-000-0000,1135,1972,(Westmount)
3811,-000':20 '-0000':21 '-2':19 '-32':17 '-7186':18 '02013729':1 '1000':13 '1057':23 '1967':12 '20':11 '3':10 '3163':2 '3175':3 '50':9 '541':22 '9746':16 'anj':6 'bélanger':5 'logement':14 'mtl':7 'rem25':24 'rue':4 'régulier':15 'sln':8,2013729,3163,3175,rue Bélanger  ,,50,3,20,1967,1000,,,Logement,Régulier,9746-32-7186-2-000-0000,541,1057,Arrondissement de Villeray - Saint-Michel - Parc-Extension (Montréal)
4029,"-000':20 '-0000':21 '-0174':18 '-6':19 '-88':17 '01001862':1 '1000':13 '1299':23 '1966':12 '24':11 '3':10 '50':9 '5055':2,3 '554':22 '9742':16 'avenu':4 'henri':6 'henri-julien':5 'julien':7 'logement':14 'mtl':8 'rem21':24 'régulier':15",1001862,5055,5055,avenue Henri-Julien  ,,50,3,24,1966,1000,,,Logement,Régulier,9742-88-0174-6-000-0000,554,1299,Arrondissement du Plateau-Mont-Royal (Montréal)
4058,"-000':19 '-0000':20 '-3574':17 '-5':18 '-81':16 '01038490':1 '1000':12 '1929':11,21 '3485':2 '3493':3 '37':10 '3731':22 '4':9 '50':8 '9739':15 'atwat':5 'avenu':4 'logement':13 'mtl':6 'rem19':23 'régulier':14 'wmt':7",1038490,3485,3493,avenue Atwater  ,,50,4,37,1929,1000,,,Logement,Régulier,9739-81-3574-5-000-0000,1929,3731,Arrondissement de Ville-Marie (Montréal)
4164,-000':18 '-0000':19 '-0165':16 '-1':17 '-59':15 '01002558':1 '1000':11 '1207':2 '1215':3 '1900':10 '2160':21 '34':9 '5':8 '50':7 '593':20 '9838':14 'avenu':4 'logement':12 'mtl':6 'rem19':22 'régulier':13 'seymour':5,1002558,1207,1215,avenue Seymour  ,,50,5,34,1900,1000,,,Logement,Régulier,9838-59-0165-1-000-0000,593,2160,Arrondissement de Ville-Marie (Montréal)
4386,"-000':18 '-0000':19 '-25':15 '-4':17 '-8047':16 '01005469':1 '10':2,3 '1000':11 '1374':21 '1955':10 '20':9 '29':7 '3':8 '751':20 '9838':14 'logement':12 'park':5 'rem99':22 'régulier':13 'weredal':4 'wmt':6",1005469,10,10,Weredale Park  ,,29,3,20,1955,1000,,,Logement,Régulier,9838-25-8047-4-000-0000,751,1374,(Westmount)
4399,"-000':19 '-0000':20 '-2260':17 '-51':16 '-9':18 '01043685':1 '1000':12 '1932':11 '21':10 '2265':21 '3':9 '3003':22 '50':8 '660':2,3 '9737':15 'courcell':6 'de':5 'logement':13 'mtl':7 'rem20':23 'rue':4 'régulier':14",1043685,660,660,rue De Courcelle  ,,50,3,21,1932,1000,,,Logement,Régulier,9737-51-2260-9-000-0000,2265,3003,Arrondissement du Sud-Ouest (Montréal)
4459,-000':18 '-0000':19 '-3111':16 '-72':15 '-9':17 '01043377':1 '1000':11 '1984':10 '2648':21 '3':8 '40':9 '4766':20 '50':7 '620':2 '644':3 '9737':14 'delinell':5 'logement':12 'mtl':6 'rem20':22 'rue':4 'régulier':13,1043377,620,644,rue Delinelle  ,,50,3,40,1984,1000,,,Logement,Régulier,9737-72-3111-9-000-0000,4766,2648,Arrondissement du Sud-Ouest (Montréal)
4460,"-000':22 '-0000':23 '-6592':20 '-7':21 '-84':19 '04017351':1 '1000':15 '1960':14 '20':11 '2846':25 '3':12 '3036':24 '34':13 '504':2,3 '7934':18 'boulevard':4 'ddo':8 'jean':7 'logement':16 'pcl':9 'pfd':10 'rem99':26 'régulier':17 'saint':6 'saint-jean':5",4017351,504,504,boulevard Saint-Jean  ,,20,3,34,1960,1000,,,Logement,Régulier,7934-84-6592-7-000-0000,3036,2846,(Westmount)
4501,-000':19 '-0000':20 '-2':18 '-2643':17 '-67':16 '01047228':1 '1000':12 '1904':11 '200':2 '202':3 '3385':21 '37':10 '4':9 '4415':22 '50':8 '9935':15 'galt':5 'logement':13 'mtl':6 'rem12':23 'rue':4 'régulier':14 'vrd':7,1047228,200,202,rue Galt  ,,50,4,37,1904,1000,,,Logement,Régulier,9935-67-2643-2-000-0000,3385,4415,Arrondissement de Verdun (Montréal)
4892,-000':18 '-0000':19 '-09':15 '-1094':16 '-3':17 '01037514':1 '1000':11 '1419':20 '1425':2 '1439':3 '1900':10 '32':9 '3380':21 '4':8 '50':7 '9939':14 'logement':12 'mtl':6 'rem19':22 'rue':4 'régulier':13 'stanley':5,1037514,1425,1439,rue Stanley  ,,50,4,32,1900,1000,,,Logement,Régulier,9939-09-1094-3-000-0000,1419,3380,Arrondissement de Ville-Marie (Montréal)
4934,"-000':18 '-0000':19 '-05':15 '-5429':16 '-7':17 '01013991':1 '1000':11 '1995':10 '2166':20 '2505':21 '28':9 '3':8 '50':7 '5847':2,3 '9735':14 'hamilton':5 'logement':12 'mtl':6 'rem20':22 'rue':4 'régulier':13",1013991,5847,5847,rue Hamilton  ,,50,3,28,1995,1000,,,Logement,Régulier,9735-05-5429-7-000-0000,2166,2505,Arrondissement du Sud-Ouest (Montréal)
5120,"-000':18 '-0000':19 '-06':15 '-3324':16 '-8':17 '01036619':1 '1000':11 '1181':2,3 '2005':10 '21':9 '3':8 '50':7 '538':20 '9939':14 'crescent':5 'logement':12 'mtl':6 'rem19':21 'rue':4 'régulier':13",1036619,1181,1181,rue Crescent  ,,50,3,21,2005,1000,,,Logement,Régulier,9939-06-3324-8-000-0000,538,,Arrondissement de Ville-Marie (Montréal)
5282,-000':19 '-0000':20 '-1':18 '-5016':17 '-99':16 '01043122':1 '1000':12 '1321':21 '157':2 '161':3 '1900':11 '22':10 '2357':22 '4':9 '50':8 '9841':15 'est':6 'logement':13 'mtl':7 'rem21':23 'roy':5 'rue':4 'régulier':14,1043122,157,161,rue Roy Est  ,,50,4,22,1900,1000,,,Logement,Régulier,9841-99-5016-1-000-0000,1321,2357,Arrondissement du Plateau-Mont-Royal (Montréal)
5428,-000':18 '-0000':19 '-5':17 '-6815':16 '-80':15 '01000075':1 '1000':11 '1928':10 '1942':21 '24':9 '3561':2 '3567':3 '4':8 '50':7 '702':20 '9841':14 'duroch':5 'logement':12 'mtl':6 'rem21':22 'rue':4 'régulier':13,1000075,3561,3567,rue Durocher  ,,50,4,24,1928,1000,,,Logement,Régulier,9841-80-6815-5-000-0000,702,1942,Arrondissement du Plateau-Mont-Royal (Montréal)
5524,"-000':18 '-0000':19 '-13':15 '-6':17 '-8004':16 '02010441':1 '1000':11 '1966':10 '2299':21 '2598':2,3 '35':9 '4':8 '50':7 '627':20 '9845':14 'boulevard':4 'logement':12 'mtl':6 'rem24':22 'rosemont':5 'régulier':13",2010441,2598,2598,boulevard Rosemont  ,,50,4,35,1966,1000,,,Logement,Régulier,9845-13-8004-6-000-0000,627,2299,Arrondissement de Rosemont - La Petite-Patrie
5540,"-000':20 '-0000':21 '-0854':18 '-2':19 '-84':17 '01000905':1 '1000':13 '190':2,3 '1952':12 '271':22 '29':11 '4':10 '50':9 '930':23 '9841':16 'avenu':4 'des':5 'logement':14 'mtl':8 'ouest':7 'pin':6 'rem21':24 'régulier':15",1000905,190,190,avenue des Pins Ouest  ,,50,4,29,1952,1000,,,Logement,Régulier,9841-84-0854-2-000-0000,271,930,Arrondissement du Plateau-Mont-Royal (Montréal)
5544,"-000':18 '-0000':19 '-4':17 '-57':15 '-8791':16 '01041762':1 '1000':11 '1154':21 '1957':10 '3':8 '34':9 '3960':2,3 '50':7 '508':20 '9841':14 'clark':5 'logement':12 'mtl':6 'rem21':22 'rue':4 'régulier':13",1041762,3960,3960,rue Clark  ,,50,3,34,1957,1000,,,Logement,Régulier,9841-57-8791-4-000-0000,508,1154,Arrondissement du Plateau-Mont-Royal (Montréal)
5602,"-000':18 '-0000':19 '-1500':16 '-7':17 '-72':15 '01037502':1 '1000':11 '1951':10 '3126':21 '3425':2,3 '36':9 '5':8 '50':7 '832':20 '9840':14 'logement':12 'mtl':6 'rem19':22 'rue':4 'régulier':13 'stanley':5",1037502,3425,3425,rue Stanley  ,,50,5,36,1951,1000,,,Logement,Régulier,9840-72-1500-7-000-0000,832,3126,Arrondissement de Ville-Marie (Montréal)
5624,-000':18 '-0000':19 '-3':17 '-8272':16 '-97':15 '01038099':1 '1000':11 '1936':10 '26':9 '3':8 '3454':2 '3456':3 '50':7 '509':20 '916':21 '9840':14 'aylmer':5 'logement':12 'mtl':6 'rem21':22 'rue':4 'régulier':13,1038099,3454,3456,rue Aylmer  ,,50,3,26,1936,1000,,,Logement,Régulier,9840-97-8272-3-000-0000,509,916,Arrondissement du Plateau-Mont-Royal (Montréal)
5667,"-000':18 '-0000':19 '-37':15 '-4':17 '-5883':16 '01010891':1 '1000':11 '1107':20 '1928':10 '26':9 '29':7 '3226':21 '4':8 '6':2,3 '9737':14 'logement':12 'park':4 'place':5 'rem99':22 'régulier':13 'wmt':6",1010891,6,6,Park Place  ,,29,4,26,1928,1000,,,Logement,Régulier,9737-37-5883-4-000-0000,1107,3226,(Westmount)
5719,"-000':21 '-0000':22 '-3178':19 '-43':18 '-5':20 '01006590':1 '1000':14 '1933':13 '24':12 '2432':24 '29':10 '3':11 '3035':2,3 '969':23 '9838':17 'antoin':7 'logement':15 'ouest':8 'rem99':25 'rue':4 'régulier':16 'saint':6 'saint-antoin':5 'wmt':9",1006590,3035,3035,rue Saint-Antoine Ouest  ,,29,3,24,1933,1000,,,Logement,Régulier,9838-43-3178-5-000-0000,969,2432,(Westmount)
6280,-000':20 '-0000':21 '-83':17 '-9':19 '-9794':18 '01048523':1 '1000':13 '1909':22 '1972':12 '2214':23 '2325':2 '2365':3 '3':10 '30':11 '50':9 '9838':16 'avenu':4 'groulx':7 'lionel':6 'lionel-groulx':5 'logement':14 'mtl':8 'rem20':24 'régulier':15,1048523,2325,2365,avenue Lionel-Groulx  ,,50,3,30,1972,1000,,,Logement,Régulier,9838-83-9794-9-000-0000,1909,2214,Arrondissement du Sud-Ouest (Montréal)
6325,-000':18 '-0000':19 '-13':15 '-2253':16 '-8':17 '01048096':1 '1000':11 '1536':20 '1864':21 '1900':10 '2208':2 '2240':3 '3':8 '30':9 '50':7 '9938':14 'logement':12 'mtl':6 'rem20':22 'rue':4 'régulier':13 'workman':5,1048096,2208,2240,rue Workman  ,,50,3,30,1900,1000,,,Logement,Régulier,9938-13-2253-8-000-0000,1536,1864,Arrondissement du Sud-Ouest (Montréal)
6407,"-000':20 '-0000':21 '-3982':18 '-5':19 '-96':17 '03073115':1 '1000':13 '1032':23 '1950':12 '20':11 '3':10 '3765':2,3 '50':9 '652':22 '9439':16 'avenu':4 'kevin':7 'logement':14 'mtl':8 'rem34':24 'régulier':15 'saint':6 'saint-kevin':5",3073115,3765,3765,avenue Saint-Kevin  ,,50,3,20,1950,1000,,,Logement,Régulier,9439-96-3982-5-000-0000,652,1032,Arrondissement de Côte-des-Neiges - Notre-Dame-de-Grâce (Montréal)
6472,-000':18 '-0000':19 '-2':17 '-7793':16 '-93':15 '04017274':1 '1000':11 '1545':21 '1971':10 '2250':20 '25':9 '3':8 '50':7 '8240':14 '8672':2 '8676':3 'anthoni':5 'logement':12 'pfd':6 'rem31':22 'rue':4 'régulier':13,4017274,8672,8676,rue Anthony  ,,50,3,25,1971,1000,,,Logement,Régulier,8240-93-7793-2-000-0000,2250,1545,Arrondissement de Pierrefonds - Roxboro (Montréal)
6581,-000':18 '-0000':19 '-0729':16 '-6':17 '-79':15 '01010996':1 '100':2 '1000':11 '110':3 '1974':10 '23':9 '2695':20 '2761':21 '29':7 '3':8 '9737':14 'avenu':4 'hillsid':5 'logement':12 'rem99':22 'régulier':13 'wmt':6,1010996,100,110,avenue Hillside  ,,29,3,23,1974,1000,,,Logement,Régulier,9737-79-0729-6-000-0000,2695,2761,(Westmount)
6613,"-000':19 '-0000':20 '-1':18 '-7506':17 '-79':16 '01003342':1 '1000':12 '1679':22 '1963':11 '32':10 '330':2,3 '4':9 '50':8 '511':21 '9742':15 'avenu':4 'est':6 'laurier':5 'logement':13 'mtl':7 'rem21':23 'régulier':14",1003342,330,330,avenue Laurier Est  ,,50,4,32,1963,1000,,,Logement,Régulier,9742-79-7506-1-000-0000,511,1679,Arrondissement du Plateau-Mont-Royal (Montréal)
6648,-000':20 '-0000':21 '-3':19 '-64':17 '-8473':18 '01015788':1 '1000':13 '1103':22 '1954':12 '28':11 '3':10 '3326':23 '4201':2 '4205':3 '50':9 '9842':16 'deni':7 'logement':14 'mtl':8 'rem21':24 'rue':4 'régulier':15 'saint':6 'saint-deni':5,1015788,4201,4205,rue Saint-Denis  ,,50,3,28,1954,1000,,,Logement,Régulier,9842-64-8473-3-000-0000,1103,3326,Arrondissement du Plateau-Mont-Royal (Montréal)
6742,-000':20 '-0000':21 '-5':19 '-58':17 '-6394':18 '01040550':1 '1000':13 '1908':12 '24':11 '2989':23 '4':10 '400':2 '410':3 '50':9 '890':22 '9941':16 'est':6 'logement':14 'mte':7 'mtl':8 'rem19':24 'rue':4 'régulier':15 'sherbrook':5,1040550,400,410,rue Sherbrooke Est  ,,50,4,24,1908,1000,,,Logement,Régulier,9941-58-6394-5-000-0000,890,2989,Arrondissement de Ville-Marie (Montréal)
6894,"-00':16 '-000':19 '-0000':20 '-2282':17 '-4':18 '01017911':1 '1000':12 '1097':22 '1969':11 '24':10 '379':21 '4':9 '4257':2,3 '50':8 '9943':15 'brébeuf':6 'de':5 'logement':13 'mtl':7 'rem21':23 'rue':4 'régulier':14",1017911,4257,4257,rue De Brébeuf  ,,50,4,24,1969,1000,,,Logement,Régulier,9943-00-2282-4-000-0000,379,1097,Arrondissement du Plateau-Mont-Royal (Montréal)
7032,"-000':21 '-0000':22 '-0775':19 '-1':20 '-19':18 '01037767':1 '1000':14 '1933':13 '2199':24 '2325':2,3 '26':12 '5':11 '50':10 '816':23 '9838':17 'boulevard':4 'de':5 'logement':15 'maisonneuv':6 'mtl':8 'ouest':7 'rem19':25 'régulier':16 'wmt':9",1037767,2325,2325,boulevard De Maisonneuve Ouest  ,,50,5,26,1933,1000,,,Logement,Régulier,9838-19-0775-1-000-0000,816,2199,Arrondissement de Ville-Marie (Montréal)
7110,-000':21 '-0000':22 '-0170':19 '-2':20 '-74':18 '01008389':1 '1000':14 '1206':23 '1931':13 '2234':24 '26':12 '29':10 '3':11 '4275':2 '4277':3 '9738':17 'boulevard':4 'de':5 'logement':15 'maisonneuv':6 'mtl':8 'ouest':7 'rem99':25 'régulier':16 'wmt':9,1008389,4275,4277,boulevard De Maisonneuve Ouest  ,,29,3,26,1931,1000,,,Logement,Régulier,9738-74-0170-2-000-0000,1206,2234,(Westmount)
7153,"-0':17 '-000':18 '-0000':19 '-50':15 '-8977':16 '03062688':1 '1000':11 '1486':20 '1498':21 '1958':10 '2095':2,3 '27':9 '3':8 '50':7 '9536':14 'boulevard':5 'grand':4 'logement':12 'mtl':6 'rem34':22 'régulier':13",3062688,2095,2095,Grand Boulevard  ,,50,3,27,1958,1000,,,Logement,Régulier,9536-50-8977-0-000-0000,1486,1498,Arrondissement de Côte-des-Neiges - Notre-Dame-de-Grâce (Montréal)
7285,-000':18 '-0000':19 '-7711':16 '-8':17 '-85':15 '01036878':1 '1000':11 '1006':21 '1225':2 '1229':3 '1922':10 '28':9 '3':8 '447':20 '50':7 '9839':14 'logement':12 'mackay':5 'mtl':6 'rem19':22 'rue':4 'régulier':13,1036878,1225,1229,rue Mackay  ,,50,3,28,1922,1000,,,Logement,Régulier,9839-85-7711-8-000-0000,447,1006,Arrondissement de Ville-Marie (Montréal)
7351,"-000':18 '-0000':19 '-1':17 '-2422':16 '-50':15 '0042':14 '01040360':1 '1000':11 '1240':2,3 '1964':10 '24':9 '368':20 '4':8 '50':7 '963':21 'beaudri':5 'logement':12 'mtl':6 'rem19':22 'rue':4 'régulier':13",1040360,1240,1240,rue Beaudry  ,,50,4,24,1964,1000,,,Logement,Régulier,0042-50-2422-1-000-0000,368,963,Arrondissement de Ville-Marie (Montréal)
7441,"-000':22 '-0000':23 '-23':19 '-7856':20 '-8':21 '01019504':1 '0143':18 '1000':15 '1281':25 '1963':14 '2560':2,3 '32':13 '4':12 '457':24 '50':11 'catherin':7 'est':8 'logement':16 'mte':9 'mtl':10 'rem19':26 'rue':4 'régulier':17 'saint':6 'sainte-catherin':5",1019504,2560,2560,rue Sainte-Catherine Est  ,,50,4,32,1963,1000,,,Logement,Régulier,0143-23-7856-8-000-0000,457,1281,Arrondissement de Ville-Marie (Montréal)
7604,-000':24 '-0000':25 '-05':21 '-3647':22 '-8':23 '01039310':1 '1000':17 '1933':16 '1964':26 '35':15 '4':14 '4095':2 '4099':3 '4367':27 '50':13 '9739':20 'chemin':4 'côte':8 'côte-des-neig':7 'de':5 'des':9 'la':6 'logement':18 'mtl':11 'neig':10 'rem19':28 'régulier':19 'wmt':12,1039310,4095,4099,chemin de la Côte-des-Neiges  ,,50,4,35,1933,1000,,,Logement,Régulier,9739-05-3647-8-000-0000,1964,4367,Arrondissement de Ville-Marie (Montréal)
8213,"-000':20 '-0000':21 '-2669':18 '-5':19 '-52':17 '05054599':1 '1000':13 '1095':22 '1969':12 '2560':23 '31':11 '3475':2,3 '4':10 '50':9 '8933':16 'franko':7 'ivan':6 'ivan-franko':5 'lch':8 'logement':14 'rem27':24 'rue':4 'régulier':15",5054599,3475,3475,rue Ivan-Franko  ,,50,4,31,1969,1000,,,Logement,Régulier,8933-52-2669-5-000-0000,1095,2560,Arrondissement de Lachine (Montréal)
8406,-0':20 '-000':21 '-0000':22 '-07':18 '-4501':19 '01044975':1 '1000':13 '1880':12 '1965':2 '2007':3 '2499':23 '3':10 '35':11 '3689':24 '50':9 '9938':17 'b':14 'jacqu':7 'logement':15 'mtl':8 'rem20':25 'rue':4 'régulier':16 'saint':6 'saint-jacqu':5,1044975,1965,2007,rue Saint-Jacques  ,,50,3,35,1880,1000,,B,Logement,Régulier,9938-07-4501-0-000-0000,2499,3689,Arrondissement du Sud-Ouest (Montréal)
8428,-000':20 '-0000':21 '-05':17 '-6':19 '-8758':18 '01041284':1 '1000':13 '1973':12 '1990':23 '20':11 '2135':2 '2185':3 '2395':22 '3':10 '50':9 '9938':16 'avenu':4 'groulx':7 'lionel':6 'lionel-groulx':5 'logement':14 'mtl':8 'rem20':24 'régulier':15,1041284,2135,2185,avenue Lionel-Groulx  ,,50,3,20,1973,1000,,,Logement,Régulier,9938-05-8758-6-000-0000,2395,1990,Arrondissement du Sud-Ouest (Montréal)
8758,"-000':20 '-0000':21 '-69':17 '-7':19 '-7249':18 '01003116':1 '1000':13 '1994':12 '3638':23 '3916':22 '4':10 '40':11 '444':2,3 '50':9 '9936':16 'de':5 'la':6 'logement':14 'poudrièr':7 'rem12':24 'rue':4 'régulier':15 'vrd':8",1003116,444,444,rue de la Poudrière  ,,50,4,40,1994,1000,,,Logement,Régulier,9936-69-7249-7-000-0000,3916,3638,Arrondissement de Verdun (Montréal)
8765,"-0':19 '-000':20 '-0000':21 '-4842':18 '-85':17 '01035854':1 '1000':13 '1289':23 '1990':12 '22':11 '3':10 '50':9 '790':22 '800':2,3 '9737':16 'ferdinand':7 'logement':14 'mtl':8 'rem20':24 'rue':4 'régulier':15 'saint':6 'saint-ferdinand':5",1035854,800,800,rue Saint-Ferdinand  ,,50,3,22,1990,1000,,,Logement,Régulier,9737-85-4842-0-000-0000,790,1289,Arrondissement du Sud-Ouest (Montréal)
8881,"-000':18 '-0000':19 '-2':17 '-35':15 '-5328':16 '01042031':1 '1000':11 '1959':10 '22':9 '252':20 '3428':2,3 '4':8 '50':7 '856':21 '9941':14 'avenu':4 'colonial':5 'logement':12 'mtl':6 'rem21':22 'régulier':13",1042031,3428,3428,avenue Coloniale  ,,50,4,22,1959,1000,,,Logement,Régulier,9941-35-5328-2-000-0000,252,856,Arrondissement du Plateau-Mont-Royal (Montréal)
8896,"-000':21 '-0000':22 '-23':18 '-8524':19 '-9':20 '01008335':1 '1000':14 '1702':23 '1961':13 '29':10 '32':12 '4350':2,3 '4934':24 '6':11 '9738':17 'logement':15 'mtl':7 'mto':8 'ouest':6 'rem99':25 'rue':4 'régulier':16 'sherbrook':5 'wmt':9",1008335,4350,4350,rue Sherbrooke Ouest  ,,29,6,32,1961,1000,,,Logement,Régulier,9738-23-8524-9-000-0000,1702,4934,(Westmount)
8911,"-000':28 '-0000':29 '-06':25 '-3':27 '-6040':26 '01041892':1 '1912':12 '24':11 '2699':13 '3587':31 '3653':2 '3655':3 '4':10 '50':9 '906':30 '9941':24 'accessoir':17 'autr':21 'b':14 'boulevard':4 'd':16,20 'et':19 'industri':15 'laurent':7 'mtl':8 'rem21':32 'régulier':23 'saint':6 'saint-laur':5 'vestimentair':18 'vêtement':22",1041892,3653,3655,boulevard Saint-Laurent  ,,50,4,24,1912,2699,B,,Industrie d'accessoires vestimentaires et d'autres vêtements,Régulier,9941-06-6040-3-000-0000,906,3587,Arrondissement du Plateau-Mont-Royal (Montréal)
9161,"-000':18 '-0000':19 '-1482':16 '-16':15 '-9':17 '03012243':1 '1000':11 '1248':21 '1970':10 '23':9 '3':8 '50':7 '6520':2,3 '687':20 '9744':14 'fabr':5 'logement':12 'mtl':6 'rem24':22 'rue':4 'régulier':13",3012243,6520,6520,rue Fabre  ,,50,3,23,1970,1000,,,Logement,Régulier,9744-16-1482-9-000-0000,687,1248,Arrondissement de Rosemont - La Petite-Patrie
9167,-000':20 '-0000':21 '-39':17 '-6921':18 '-9':19 '01005956':1 '1000':13 '1397':23 '1420':2 '1440':3 '1470':22 '20':11 '2006':12 '3':10 '50':9 '9835':16 'avenu':4 'de':5 'l':6 'logement':14 'mtl':8 'rem20':24 'régulier':15 'église':7,1005956,1420,1440,avenue de l' Église  ,,50,3,20,2006,1000,,,Logement,Régulier,9835-39-6921-9-000-0000,1470,1397,Arrondissement du Sud-Ouest (Montréal)
9187,"-000':22 '-0000':23 '-23':19 '-6':21 '-9583':20 '01019503':1 '0143':18 '1000':15 '1536':24 '1988':14 '2388':25 '2580':2,3 '31':13 '4':12 '50':11 'catherin':7 'est':8 'logement':16 'mte':9 'mtl':10 'rem19':26 'rue':4 'régulier':17 'saint':6 'sainte-catherin':5",1019503,2580,2580,rue Sainte-Catherine Est  ,,50,4,31,1988,1000,,,Logement,Régulier,0143-23-9583-6-000-0000,1536,2388,Arrondissement de Ville-Marie (Montréal)
9287,"-000':20 '-0000':21 '-4':19 '-4965':18 '-97':17 '01043085':1 '1000':13 '1928':12 '30':11 '3223':23 '4':10 '50':9 '55':2,3 '831':22 '9841':16 'avenu':4 'des':5 'est':7 'logement':14 'mtl':8 'pin':6 'rem21':24 'régulier':15",1043085,55,55,avenue des Pins Est  ,,50,4,30,1928,1000,,,Logement,Régulier,9841-97-4965-4-000-0000,831,3223,Arrondissement du Plateau-Mont-Royal (Montréal)
9436,"-000':19 '-0000':20 '-2':18 '-3753':17 '-67':16 '01004499':1 '1000':11 '1619':2,3 '1771':21 '1906':10 '24':9 '3':8 '4418':22 '50':7 '9938':15 'b':12 'logement':13 'mtl':6 'rem20':23 'rue':4 'régulier':14 'william':5",1004499,1619,1619,rue William  ,,50,3,24,1906,1000,,B,Logement,Régulier,9938-67-3753-2-000-0000,1771,4418,Arrondissement du Sud-Ouest (Montréal)
9814,"-000':18 '-0000':19 '-68':15 '-7006':16 '-9':17 '01022723':1 '1000':11 '1180':21 '1962':10 '24':9 '3':8 '4165':2,3 '50':7 '757':20 '9943':14 'logement':12 'mtl':6 'parthenai':5 'rem21':22 'rue':4 'régulier':13",1022723,4165,4165,rue Parthenais  ,,50,3,24,1962,1000,,,Logement,Régulier,9943-68-7006-9-000-0000,757,1180,Arrondissement du Plateau-Mont-Royal (Montréal)
9959,"-000':19 '-0000':20 '-0569':17 '-6':18 '-64':16 '01007628':1 '1000':11 '1265':21 '1938':10 '25':9 '29':7 '3':8 '335':2,3 '683':22 '9738':15 'avenu':4 'clark':5 'logement':13 'rem99':23 'régulier':14 'wmt':6",1007628,335,335,avenue Clarke  ,,29,3,25,1938,1000,,A,Logement,Régulier,9738-64-0569-6-000-0000,1265,683,(Westmount)
10263,-000':18 '-0000':19 '-1014':16 '-8':17 '-98':15 '01041285':1 '1000':11 '1971':2 '1972':10 '2011':3 '2101':20 '2189':21 '28':9 '3':8 '50':7 '9838':14 'coursol':5 'logement':12 'mtl':6 'rem20':22 'régulier':13 'terrass':4,1041285,1971,2011,terrasse Coursol  ,,50,3,28,1972,1000,,,Logement,Régulier,9838-98-1014-8-000-0000,2101,2189,Arrondissement du Sud-Ouest (Montréal)
10280,"-000':20 '-0000':21 '-6':19 '-6149':18 '-91':17 '01010097':1 '1000':13 '1417':22 '1908':12 '2611':23 '29':9,11 '3':10 '438':2 '440':3 '9638':16 'avenu':4 'logement':14 'mount':6 'mount-stephen':5 'rem99':24 'régulier':15 'stephen':7 'wmt':8",1010097,438,440,avenue Mount-Stephen  ,,29,3,29,1908,1000,,,Logement,Régulier,9638-91-6149-6-000-0000,1417,2611,(Westmount)
10332,"-000':19 '-0000':20 '-2959':17 '-62':16 '-7':18 '03035023':1 '1000':12 '1466':2,3 '1953':11 '2000':22 '23':10 '3':9 '50':8 '938':21 '9542':15 'avenu':4 'ducharm':5 'logement':13 'mtl':6 'rem05':23 'régulier':14",3035023,1466,1466,avenue Ducharme  ,,50,3,23,1953,1000,,,Logement,Régulier,9542-62-2959-7-000-0000,938,2000,Arrondissement d'Outremont (Montréal)
10550,-000':23 '-0000':24 '-4':22 '-56':20 '-8610':21 '01019326':1 '1511':12 '1885':11 '20':10 '2447':2 '2451':3 '3':9 '389':26 '496':25 '50':8 '9937':19 'chambr':15 'de':14 'et':16 'grand':5 'maison':13 'mtl':7 'pension':17 'rem20':27 'rue':4 'régulier':18 'trunk':6,1019326,2447,2451,rue Grand Trunk  ,,50,3,20,1885,1511,,,Maison de chambres et pension,Régulier,9937-56-8610-4-000-0000,496,389,Arrondissement du Sud-Ouest (Montréal)
10642,-000':19 '-0000':20 '-2':18 '-61':16 '-7359':17 '01017254':1 '1000':12 '1790':21 '1971':11 '1998':22 '24':10 '3':9 '3525':2 '3575':3 '50':8 '9634':15 'boulevard':4 'des':5 'logement':13 'mtl':7 'rem20':23 'régulier':14 'trinitair':6,1017254,3525,3575,boulevard des Trinitaires  ,,50,3,24,1971,1000,,,Logement,Régulier,9634-61-7359-2-000-0000,1790,1998,Arrondissement du Sud-Ouest (Montréal)
10643,-000':19 '-0000':20 '-5640':17 '-6':18 '-71':16 '01017256':1 '1000':12 '1828':21 '1971':11 '1982':22 '24':10 '3':9 '3425':2 '3475':3 '50':8 '9634':15 'boulevard':4 'des':5 'logement':13 'mtl':7 'rem20':23 'régulier':14 'trinitair':6,1017256,3425,3475,boulevard des Trinitaires  ,,50,3,24,1971,1000,,,Logement,Régulier,9634-71-5640-6-000-0000,1828,1982,Arrondissement du Sud-Ouest (Montréal)
10899,"-000':20 '-0000':21 '-21':17 '-8':19 '-9977':18 '0042':16 '01040665':1 '1000':13,23 '1231':2,3 '1923':12 '250':22 '35':11 '4':10 '50':9 'boulevard':4 'de':5 'est':7 'logement':14 'maisonneuv':6 'mtl':8 'rem19':24 'régulier':15",1040665,1231,1231,boulevard De Maisonneuve Est  ,,50,4,35,1923,1000,,,Logement,Régulier,0042-21-9977-8-000-0000,250,1000,Arrondissement de Ville-Marie (Montréal)
11356,-000':20 '-0000':21 '-09':17 '-1':19 '-1898':18 '01017749':1 '1000':13 '1919':12 '3035':23 '4':10 '40':11 '4215':2 '4229':3 '50':9 '870':22 '9942':16 'de':5 'la':6 'logement':14 'mtl':8 'rem21':24 'roch':7 'rue':4 'régulier':15,1017749,4215,4229,rue De La Roche  ,,50,4,40,1919,1000,,,Logement,Régulier,9942-09-1898-1-000-0000,870,3035,Arrondissement du Plateau-Mont-Royal (Montréal)
11357,"-00':16 '-000':19 '-0000':20 '-4317':17 '-6':18 '01017751':1 '1000':12 '1302':22 '1967':11 '28':10 '379':21 '4':9 '4220':2,3 '50':8 '9943':15 'brébeuf':6 'de':5 'logement':13 'mtl':7 'rem21':23 'rue':4 'régulier':14",1017751,4220,4220,rue De Brébeuf  ,,50,4,28,1967,1000,,,Logement,Régulier,9943-00-4317-6-000-0000,379,1302,Arrondissement du Plateau-Mont-Royal (Montréal)
11361,-000':19 '-0000':20 '-44':16 '-5':18 '-6958':17 '01019366':1 '1000':12 '1982':11 '2':9 '26':10 '2630':2 '2645':22 '2690':3 '50':8 '7251':21 '9937':15 'grand':5 'logement':13 'mtl':7 'rem20':23 'rue':4 'régulier':14 'trunk':6,1019366,2630,2690,rue Grand Trunk  ,,50,2,26,1982,1000,,,Logement,Régulier,9937-44-6958-5-000-0000,7251,2645,Arrondissement du Sud-Ouest (Montréal)
11454,"-0':17 '-000':18 '-0000':19 '-3561':16 '-76':15 '0037':14 '01020298':1 '1000':11 '1909':21 '1963':10 '27':9 '280':2,3 '4':8 '50':7 '996':20 'charon':5 'logement':12 'mtl':6 'rem20':22 'rue':4 'régulier':13",1020298,280,280,rue Charon  ,,50,4,27,1963,1000,,,Logement,Régulier,0037-76-3561-0-000-0000,996,1909,Arrondissement du Sud-Ouest (Montréal)
11552,-000':20 '-0000':21 '-2':19 '-3897':18 '-81':17 '01042761':1 '1000':13 '1885':12 '3':10 '32':11 '3977':2 '3989':3 '50':9 '535':22 '806':23 '9842':16 'avenu':4 'henri':6 'henri-julien':5 'julien':7 'logement':14 'mtl':8 'rem21':24 'régulier':15,1042761,3977,3989,avenue Henri-Julien  ,,50,3,32,1885,1000,,,Logement,Régulier,9842-81-3897-2-000-0000,535,806,Arrondissement du Plateau-Mont-Royal (Montréal)
12020,-000':18 '-0000':19 '-1475':16 '-7':17 '-80':15 '01004757':1 '1000':11 '1678':21 '1954':2 '1974':3 '1994':10 '20':9 '3':8 '50':7 '948':20 '9938':14 'logement':12 'mtl':6 'rem20':22 'richardson':5 'rue':4 'régulier':13,1004757,1954,1974,rue Richardson  ,,50,3,20,1994,1000,,,Logement,Régulier,9938-80-1475-7-000-0000,948,1678,Arrondissement du Sud-Ouest (Montréal)
12147,-000':18 '-0000':19 '-4':17 '-61':15 '-6150':16 '01012823':1 '1000':11 '1972':10 '3':8 '3012':21 '3198':20 '34':9 '50':7 '7220':2 '7240':3 '9734':14 'boulevard':4 'logement':12 'monk':5 'mtl':6 'rem20':22 'régulier':13,1012823,7220,7240,boulevard Monk  ,,50,3,34,1972,1000,,,Logement,Régulier,9734-61-6150-4-000-0000,3198,3012,Arrondissement du Sud-Ouest (Montréal)
12194,-000':18 '-0000':19 '-50':15 '-6054':16 '-8':17 '0042':14 '01040454':1 '1000':11 '1109':20 '1215':2 '1237':3 '3':8 '35':9 '50':7 '9999':10 'beaudri':5 'logement':12 'mtl':6 'rem19':21 'rue':4 'régulier':13,1040454,1215,1237,rue Beaudry  ,,50,3,35,9999,1000,,,Logement,Régulier,0042-50-6054-8-000-0000,1109,,Arrondissement de Ville-Marie (Montréal)
12215,-000':18 '-0000':19 '-47':15 '-5101':16 '-7':17 '01012927':1 '1000':11 '1963':10 '2552':21 '3':8 '34':9 '50':7 '6665':2 '6675':3 '947':20 '9734':14 'boulevard':4 'logement':12 'monk':5 'mtl':6 'rem20':22 'régulier':13,1012927,6665,6675,boulevard Monk  ,,50,3,34,1963,1000,,,Logement,Régulier,9734-47-5101-7-000-0000,947,2552,Arrondissement du Sud-Ouest (Montréal)
12797,"-000':20 '-0000':21 '-5':19 '-85':17 '-9717':18 '01048732':1 '1000':13 '1515':22 '1989':12 '2301':2,3 '2521':23 '3':10 '32':11 '50':9 '9838':16 'jacqu':7 'logement':14 'mtl':8 'rem20':24 'rue':4 'régulier':15 'saint':6 'saint-jacqu':5",1048732,2301,2301,rue Saint-Jacques  ,,50,3,32,1989,1000,,,Logement,Régulier,9838-85-9717-5-000-0000,1515,2521,Arrondissement du Sud-Ouest (Montréal)
12978,-000':21 '-0000':22 '-04':18 '-3':20 '-9649':19 '01059164':1 '1000':14 '1124':24 '1910':13 '27':12 '3':11 '50':10 '510':23 '68':2 '80':3 '9941':17 'arthur':7 'logement':15 'mtl':9 'ouest':8 'princ':6 'prince-arthur':5 'rem21':25 'rue':4 'régulier':16,1059164,68,80,rue Prince-Arthur Ouest  ,,50,3,27,1910,1000,,,Logement,Régulier,9941-04-9649-3-000-0000,510,1124,Arrondissement du Plateau-Mont-Royal (Montréal)
13024,-000':18 '-0000':19 '-1':17 '-6388':16 '-81':15 '0044':14 '01025436':1 '1000':11 '1973':10 '2030':2 '2050':3 '2537':21 '2641':20 '3':8 '38':9 '50':7 'lespéranc':5 'logement':12 'mtl':6 'rem19':22 'rue':4 'régulier':13,1025436,2030,2050,rue Lespérance  ,,50,3,38,1973,1000,,,Logement,Régulier,0044-81-6388-1-000-0000,2641,2537,Arrondissement de Ville-Marie (Montréal)
13088,"-000':20 '-0000':21 '-1885':18 '-6':19 '-73':17 '01015537':1 '1000':13 '1972':12 '20':11 '3':10 '372':22 '4166':2,3 '50':9 '808':23 '9842':16 'deni':7 'logement':14 'mtl':8 'rem21':24 'rue':4 'régulier':15 'saint':6 'saint-deni':5",1015537,4166,4166,rue Saint-Denis  ,,50,3,20,1972,1000,,,Logement,Régulier,9842-73-1885-6-000-0000,372,808,Arrondissement du Plateau-Mont-Royal (Montréal)
13103,"-000':18 '-0000':19 '-34':15 '-5':17 '-8064':16 '01048266':1 '1000':11 '1968':10 '20':9 '3':8 '357':20 '360':2,3 '50':7 '766':21 '9935':14 'logement':12 'rem12':22 'rue':4 'régulier':13 'vrd':6 'willibrord':5",1048266,360,360,rue Willibrord  ,,50,3,20,1968,1000,,,Logement,Régulier,9935-34-8064-5-000-0000,357,766,Arrondissement de Verdun (Montréal)
13519,"-000':20 '-0000':21 '-1206':18 '-8':19 '-86':17 '04124725':1 '1000':13 '1960':12 '2178':22 '2694':23 '3':10 '34':11 '50':9 '575':2,3 '9040':16 'boulevard':4 'laurin':7 'logement':14 'marcel':6 'marcel-laurin':5 'rem15':24 'régulier':15 'slr':8",4124725,575,575,boulevard Marcel-Laurin  ,,50,3,34,1960,1000,,,Logement,Régulier,9040-86-1206-8-000-0000,2178,2694,Arrondissement de Saint-Laurent (Montréal)
13682,-000':17 '-0000':18 '-14':14 '-1630':15 '-3':16 '05123233':1 '1000':10 '20':7 '3195':19 '38':8 '66':2 '68':3 '8134':13 '9999':9 'avenu':4 'coolbreez':5 'logement':11 'pcl':6 'rem99':20 'régulier':12,5123233,66,68,avenue Coolbreeze  ,,20,,38,9999,1000,,,Logement,Régulier,8134-14-1630-3-000-0000,3195,,(Westmount)
13914,-000':19 '-0000':20 '-03':16 '-4305':17 '-5':18 '0037':15 '01021610':1 '1000':12 '1480':21 '1547':22 '1975':11 '23':10 '2305':2 '2315':3 '3':9 '50':8 'logement':13 'mtl':6 'rem20':23 'rue':4 'régulier':14 'vrd':7 'wellington':5,1021610,2305,2315,rue Wellington  ,,50,3,23,1975,1000,,,Logement,Régulier,0037-03-4305-5-000-0000,1480,1547,Arrondissement du Sud-Ouest (Montréal)
14311,-000':20 '-0000':21 '-3':19 '-7520':18 '-92':17 '01020806':1 '1000':12 '1233':2 '1235':3 '1870':11 '21':10 '282':22 '3':9 '50':8 '510':23 '9941':16 'bullion':6 'de':5 'logement':14 'mtl':7 'rem19':24 'rue':4 'régulier':15,1020806,1233,1235,rue De Bullion  ,,50,3,21,1870,1000,A,,Logement,Régulier,9941-92-7520-3-000-0000,282,510,Arrondissement de Ville-Marie (Montréal)
14470,-000':21 '-0000':22 '-5':20 '-54':18 '-5744':19 '01013171':1 '1000':14 '1929':13 '1989':23 '29':10 '40':12 '5002':2 '5018':3 '6':11 '7817':24 '9637':17 'logement':15 'mtl':7 'mto':8 'ouest':6 'rem99':25 'rue':4 'régulier':16 'sherbrook':5 'wmt':9,1013171,5002,5018,rue Sherbrooke Ouest  ,,29,6,40,1929,1000,,,Logement,Régulier,9637-54-5744-5-000-0000,1989,7817,(Westmount)
14716,-000':18 '-0000':19 '-0031':16 '-1':17 '-78':15 '01012154':1 '1000':11 '1547':20 '20':9 '29':7 '3':8 '435':2 '439':3 '9637':14 '9999':10 'avenu':4 'grosvenor':5 'logement':12 'rem99':21 'régulier':13 'wmt':6,1012154,435,439,avenue Grosvenor  ,,29,3,20,9999,1000,,,Logement,Régulier,9637-78-0031-1-000-0000,1547,,(Westmount)
14802,"-000':19 '-0000':20 '-2572':17 '-27':16 '-9':18 '01028390':1 '1000':12 '1486':22 '1959':11 '3':9 '32':10 '50':8 '6095':2,3 '642':21 '9642':15 'hutchison':5 'logement':13 'mtl':6 'rem21':23 'rue':4 'régulier':14",1028390,6095,6095,rue Hutchison  ,,50,3,32,1959,1000,,,Logement,Régulier,9642-27-2572-9-000-0000,642,1486,Arrondissement du Plateau-Mont-Royal (Montréal)
14841,-000':18 '-0000':19 '-2':17 '-7090':16 '-76':15 '01041677':1 '1000':11 '1986':10 '2148':20 '2268':21 '28':9 '3':8 '3813':2 '3859':3 '50':7 '9841':14 'logement':12 'mtl':6 'rem21':22 'rue':4 'régulier':13 'sewel':5,1041677,3813,3859,rue Sewell  ,,50,3,28,1986,1000,,,Logement,Régulier,9841-76-7090-2-000-0000,2148,2268,Arrondissement du Plateau-Mont-Royal (Montréal)
15168,"-000':18 '-0000':19 '-24':15 '-7':17 '-8757':16 '0043':14 '01023010':1 '1000':11 '1964':10 '21':9 '2160':2,3 '277':20 '3':8 '50':7 '666':21 'harmoni':5 'logement':12 'mtl':6 'rem19':22 'rue':4 'régulier':13",1023010,2160,2160,rue Harmony  ,,50,3,21,1964,1000,,,Logement,Régulier,0043-24-8757-7-000-0000,277,666,Arrondissement de Ville-Marie (Montréal)
15325,"-0':17 '-000':18 '-0000':19 '-17':15 '-4532':16 '01047304':1 '1000':11 '1966':10 '1967':21 '3':8 '37':9 '50':7 '645':2,3 '850':20 '9935':14 'gordon':5 'logement':12 'rem12':22 'rue':4 'régulier':13 'vrd':6",1047304,645,645,rue Gordon  ,,50,3,37,1966,1000,,,Logement,Régulier,9935-17-4532-0-000-0000,850,1967,Arrondissement de Verdun (Montréal)
15345,"-000':19 '-0000':20 '-0685':17 '-2':18 '-20':16 '01046379':1 '1000':12 '1056':22 '1959':11 '26':10 '3':9 '3935':2,3 '50':8 '523':21 '9936':15 'de':5 'logement':13 'rem12':23 'rue':4 'régulier':14 'verdun':6 'vrd':7",1046379,3935,3935,rue de Verdun  ,,50,3,26,1959,1000,,,Logement,Régulier,9936-20-0685-2-000-0000,523,1056,Arrondissement de Verdun (Montréal)
15381,"-000':19 '-0000':20 '-0700':17 '-21':16 '-7':18 '01046381':1 '1000':12 '1056':22 '1959':11 '26':10 '3':9 '3925':2,3 '50':8 '523':21 '9936':15 'de':5 'logement':13 'rem12':23 'rue':4 'régulier':14 'verdun':6 'vrd':7",1046381,3925,3925,rue de Verdun  ,,50,3,26,1959,1000,,,Logement,Régulier,9936-21-0700-7-000-0000,523,1056,Arrondissement de Verdun (Montréal)
15396,"-000':18 '-0000':19 '-3':17 '-3839':16 '-91':15 '01024492':1 '1000':11 '1110':21 '1974':10 '31':9 '386':20 '4':8 '50':7 '5057':2,3 '9743':14 'berri':5 'logement':12 'mtl':6 'rem21':22 'rue':4 'régulier':13",1024492,5057,5057,rue Berri  ,,50,4,31,1974,1000,,,Logement,Régulier,9743-91-3839-3-000-0000,386,1110,Arrondissement du Plateau-Mont-Royal (Montréal)
15402,"-000':18 '-0000':19 '-12':15 '-3564':16 '-9':17 '01029510':1 '1000':11 '1358':21 '1965':10 '29':9 '3':8 '4255':2,3 '50':7 '718':20 '9943':14 'garnier':5 'logement':12 'mtl':6 'rem21':22 'rue':4 'régulier':13",1029510,4255,4255,rue Garnier  ,,50,3,29,1965,1000,,,Logement,Régulier,9943-12-3564-9-000-0000,718,1358,Arrondissement du Plateau-Mont-Royal (Montréal)
15476,-000':20 '-0000':21 '-6':19 '-8469':18 '-94':17 '01048539':1 '1000':13 '1973':12 '2215':2 '2295':3 '2806':22 '3':10 '3249':23 '36':11 '50':9 '9838':16 'avenu':4 'groulx':7 'lionel':6 'lionel-groulx':5 'logement':14 'mtl':8 'rem20':24 'régulier':15,1048539,2215,2295,avenue Lionel-Groulx  ,,50,3,36,1973,1000,,,Logement,Régulier,9838-94-8469-6-000-0000,2806,3249,Arrondissement du Sud-Ouest (Montréal)
15589,-0':17 '-000':18 '-0000':19 '-3416':16 '-93':15 '0043':14 '01019321':1 '1000':11 '1211':20 '1977':10 '2105':21 '24':9 '2410':2 '2440':3 '3':8 '50':7 'logan':5 'logement':12 'mtl':6 'rem19':22 'rue':4 'régulier':13,1019321,2410,2440,rue Logan  ,,50,3,24,1977,1000,,,Logement,Régulier,0043-93-3416-0-000-0000,1211,2105,Arrondissement de Ville-Marie (Montréal)
15608,-000':19 '-0000':20 '-3':18 '-33':16 '-6084':17 '01019364':1 '1000':12 '1982':11 '2':9 '26':10 '2669':22 '2700':2 '2788':3 '50':8 '6615':21 '9937':15 'grand':5 'logement':13 'mtl':7 'rem20':23 'rue':4 'régulier':14 'trunk':6,1019364,2700,2788,rue Grand Trunk  ,,50,2,26,1982,1000,,,Logement,Régulier,9937-33-6084-3-000-0000,6615,2669,Arrondissement du Sud-Ouest (Montréal)
15779,"-000':18 '-0000':19 '-07':15 '-6':17 '-9730':16 '01008837':1 '1000':11 '1090':20 '1964':10 '29':7 '30':9 '300':2,3 '3346':21 '7':8 '9737':14 'avenu':4 'lansdown':5 'logement':12 'rem99':22 'régulier':13 'wmt':6",1008837,300,300,avenue Lansdowne  ,,29,7,30,1964,1000,,,Logement,Régulier,9737-07-9730-6-000-0000,1090,3346,(Westmount)
15855,"-000':21 '-0000':22 '-1':20 '-3238':19 '-84':18 '01036250':1 '1000':14 '1700':2,3 '1928':13 '2563':23 '27':12 '50':10 '5407':24 '8':11 '9739':17 'avenu':4 'docteur':7 'docteur-penfield':6 'du':5 'logement':15 'mtl':9 'penfield':8 'rem19':25 'régulier':16",1036250,1700,1700,avenue du Docteur-Penfield  ,,50,8,27,1928,1000,,,Logement,Régulier,9739-84-3238-1-000-0000,2563,5407,Arrondissement de Ville-Marie (Montréal)
15903,"-000':19 '-0000':20 '-5':18 '-68':16 '-8262':17 '01047154':1 '1000':12 '1125':2,3 '1913':22 '1968':11 '27':10 '3':9 '50':8 '916':21 '9835':15 'galt':5 'logement':13 'mtl':6 'rem12':23 'rue':4 'régulier':14 'vrd':7",1047154,1125,1125,rue Galt  ,,50,3,27,1968,1000,,,Logement,Régulier,9835-68-8262-5-000-0000,916,1913,Arrondissement de Verdun (Montréal)
16302,"-000':18 '-0000':19 '-10':15 '-2249':16 '-8':17 '0044':14 '01023867':1 '1000':11 '1953':10 '23':9 '2625':2,3 '3':8 '381':20 '50':7 '686':21 'frontenac':5 'logement':12 'mtl':6 'rem19':22 'rue':4 'régulier':13",1023867,2625,2625,rue Frontenac  ,,50,3,23,1953,1000,,,Logement,Régulier,0044-10-2249-8-000-0000,381,686,Arrondissement de Ville-Marie (Montréal)
16347,-000':18 '-0000':19 '-13':15 '-3':17 '-7898':16 '0043':14 '01022689':1 '1000':11 '1910':10 '1954':21 '2':8 '2214':2 '2220':3 '2275':20 '33':9 '50':7 'logement':12 'mtl':6 'parthenai':5 'rem19':22 'rue':4 'régulier':13,1022689,2214,2220,rue Parthenais  ,,50,2,33,1910,1000,,,Logement,Régulier,0043-13-7898-3-000-0000,2275,1954,Arrondissement de Ville-Marie (Montréal)
16881,"-000':19 '-0000':20 '-0968':17 '-7':18 '-91':16 '01026296':1 '1000':12 '1112':22 '1962':11 '2552':2,3 '27':10 '345':21 '4':9 '50':8 '9944':15 'est':6 'logement':13 'mtl':7 'rachel':5 'rem21':23 'rue':4 'régulier':14",1026296,2552,2552,rue Rachel Est  ,,50,4,27,1962,1000,,,Logement,Régulier,9944-91-0968-7-000-0000,345,1112,Arrondissement du Plateau-Mont-Royal (Montréal)
16886,"-000':19 '-0000':20 '-3':18 '-5673':17 '-62':16 '01026784':1 '1000':12 '1314':22 '1964':11 '27':10 '378':21 '4':9 '4524':2,3 '50':8 '9843':15 'brébeuf':6 'de':5 'logement':13 'mtl':7 'rem21':23 'rue':4 'régulier':14",1026784,4524,4524,rue De Brébeuf  ,,50,4,27,1964,1000,,,Logement,Régulier,9843-62-5673-3-000-0000,378,1314,Arrondissement du Plateau-Mont-Royal (Montréal)
17124,"-0':30 '-000':31 '-0000':32 '-57':28 '-7467':29 '01021798':1 '10676':34 '1920':12 '2':10 '312':2,3 '35':11 '3550':33 '50':9 '5834':13 '9941':27 'appart':17 'chalet':20 'de':15 'est':6 'et':22 'maison':18 'meublé':21 'mte':7 'mtl':8 'ou':19 'pour':24 'rem19':35 'repa':25 'rue':4 'régulier':26 'résidenc':14 'sherbrook':5 'tourism':16 'équipé':23",1021798,312,312,rue Sherbrooke Est  ,,50,2,35,1920,5834,,,"Résidence de tourisme, appartement, maison ou chalet (meublé et équipé pour repas)",Régulier,9941-57-7467-0-000-0000,3550,10676,Arrondissement de Ville-Marie (Montréal)
17476,"-0':17 '-000':18 '-0000':19 '-20':15 '-3872':16 '01052221':1 '1000':11 '1959':10 '2':8 '23':9 '50':7 '579':20 '6300':2,3 '909':21 '9834':14 'beurl':5 'logement':12 'rem12':22 'rue':4 'régulier':13 'vrd':6",1052221,6300,6300,rue Beurling  ,,50,2,23,1959,1000,,,Logement,Régulier,9834-20-3872-0-000-0000,579,909,Arrondissement de Verdun (Montréal)
17769,"-000':19 '-0000':20 '-4':18 '-6426':17 '-92':16 '01020804':1 '1000':12 '1237':2,3 '1875':11 '20':10 '282':21 '3':9 '50':8 '518':22 '9941':15 'bullion':6 'de':5 'logement':13 'mtl':7 'rem19':23 'rue':4 'régulier':14",1020804,1237,1237,rue De Bullion  ,,50,3,20,1875,1000,,,Logement,Régulier,9941-92-6426-4-000-0000,282,518,Arrondissement de Ville-Marie (Montréal)
17806,-000':19 '-0000':20 '-1':18 '-3921':17 '-81':16 '01017258':1 '1000':12 '1821':21 '1971':11 '1982':22 '24':10 '3':9 '3325':2 '3375':3 '50':8 '9634':15 'boulevard':4 'des':5 'logement':13 'mtl':7 'rem20':23 'régulier':14 'trinitair':6,1017258,3325,3375,boulevard des Trinitaires  ,,50,3,24,1971,1000,,,Logement,Régulier,9634-81-3921-1-000-0000,1821,1982,Arrondissement du Sud-Ouest (Montréal)
17807,-000':19 '-0000':20 '-2203':17 '-4':18 '-91':16 '01017259':1 '1000':12 '1812':21 '1971':11 '1982':22 '24':10 '3':9 '3225':2 '3275':3 '50':8 '9634':15 'boulevard':4 'des':5 'logement':13 'mtl':7 'rem20':23 'régulier':14 'trinitair':6,1017259,3225,3275,boulevard des Trinitaires  ,,50,3,24,1971,1000,,,Logement,Régulier,9634-91-2203-4-000-0000,1812,1982,Arrondissement du Sud-Ouest (Montréal)
17889,"-000':18 '-0000':19 '-1549':16 '-3':17 '-62':15 '0044':14 '01025781':1 '1000':11 '2009':10 '22':9 '2893':2,3 '50':8 '552':20 'de':5 'logement':12 'mtl':7 'rem19':21 'rouen':6 'rue':4 'régulier':13",1025781,2893,2893,rue de Rouen  ,,50,,22,2009,1000,,,Logement,Régulier,0044-62-1549-3-000-0000,552,,Arrondissement de Ville-Marie (Montréal)
17993,-000':21 '-0000':22 '-5':20 '-60':18 '-7907':19 '01034631':1 '1000':14 '1023':24 '1880':2 '1900':3 '1941':13 '20':12 '3':11 '50':10 '526':23 '9844':17 'boulevard':4 'est':8 'joseph':7 'logement':15 'mtl':9 'rem21':25 'régulier':16 'saint':6 'saint-joseph':5,1034631,1880,1900,boulevard Saint-Joseph Est  ,,50,3,20,1941,1000,,,Logement,Régulier,9844-60-7907-5-000-0000,526,1023,Arrondissement du Plateau-Mont-Royal (Montréal)
17994,-000':18 '-0000':19 '-51':15 '-7679':16 '-8':17 '03073045':1 '1000':11 '1842':20 '1949':10 '2484':21 '3':8 '36':9 '4720':2 '4722':3 '50':7 '9439':14 'avenu':4 'dupui':5 'logement':12 'mtl':6 'rem34':22 'régulier':13,3073045,4720,4722,avenue Dupuis  ,,50,3,36,1949,1000,,,Logement,Régulier,9439-51-7679-8-000-0000,1842,2484,Arrondissement de Côte-des-Neiges - Notre-Dame-de-Grâce (Montréal)
18074,"-0':19 '-000':20 '-0000':21 '-45':17 '-4918':18 '01021790':1 '1000':13 '104':2,3 '1885':12 '27':11 '3314':23 '5':10 '50':9 '860':22 '9941':16 'est':6 'logement':14 'mte':7 'mtl':8 'rem19':24 'rue':4 'régulier':15 'sherbrook':5",1021790,104,104,rue Sherbrooke Est  ,,50,5,27,1885,1000,,,Logement,Régulier,9941-45-4918-0-000-0000,860,3314,Arrondissement de Ville-Marie (Montréal)
18075,"-000':20 '-0000':21 '-2':19 '-2769':18 '-44':17 '01021792':1 '1000':13 '1115':22 '1868':12 '3544':23 '38':11 '5':10 '50':9 '56':2,3 '9941':16 'est':6 'logement':14 'mte':7 'mtl':8 'rem19':24 'rue':4 'régulier':15 'sherbrook':5",1021792,56,56,rue Sherbrooke Est  ,,50,5,38,1868,1000,,,Logement,Régulier,9941-44-2769-2-000-0000,1115,3544,Arrondissement de Ville-Marie (Montréal)
18171,-000':19 '-0000':20 '-0615':17 '-34':16 '-8':18 '01019362':1 '1000':12 '1744':21 '24':10 '2735':2 '2775':3 '3':9 '50':8 '9937':15 '9999':11 'grand':5 'logement':13 'mtl':7 'rem20':22 'rue':4 'régulier':14 'trunk':6,1019362,2735,2775,rue Grand Trunk  ,,50,3,24,9999,1000,,,Logement,Régulier,9937-34-0615-8-000-0000,1744,,Arrondissement du Sud-Ouest (Montréal)
18252,"-000':18 '-0000':19 '-68':15 '-8':17 '-8327':16 '01022770':1 '1000':11 '1180':21 '1962':10 '24':9 '3':8 '3620':2,3 '50':7 '757':20 '9943':14 'logement':12 'messier':5 'mtl':6 'rem21':22 'rue':4 'régulier':13",1022770,3620,3620,rue Messier  ,,50,3,24,1962,1000,,,Logement,Régulier,9943-68-8327-8-000-0000,757,1180,Arrondissement du Plateau-Mont-Royal (Montréal)
18253,"-000':18 '-0000':19 '-0660':16 '-78':15 '-9':17 '01022771':1 '1000':11 '1172':21 '1962':10 '24':9 '3':8 '3625':2,3 '50':7 '773':20 '9943':14 'logement':12 'messier':5 'mtl':6 'rem21':22 'rue':4 'régulier':13",1022771,3625,3625,rue Messier  ,,50,3,24,1962,1000,,,Logement,Régulier,9943-78-0660-9-000-0000,773,1172,Arrondissement du Plateau-Mont-Royal (Montréal)
18254,"-000':18 '-0000':19 '-3':17 '-3044':16 '-78':15 '01022772':1 '1000':11 '1180':21 '1962':10 '24':9 '3':8 '3605':2,3 '50':7 '713':20 '9943':14 'logement':12 'messier':5 'mtl':6 'rem21':22 'rue':4 'régulier':13",1022772,3605,3605,rue Messier  ,,50,3,24,1962,1000,,,Logement,Régulier,9943-78-3044-3-000-0000,713,1180,Arrondissement du Plateau-Mont-Royal (Montréal)
18255,"-000':18 '-0000':19 '-5428':16 '-6':17 '-78':15 '01022773':1 '1000':11 '1180':21 '1962':10 '24':9 '3':8 '3585':2,3 '50':7 '719':20 '9943':14 'logement':12 'messier':5 'mtl':6 'rem21':22 'rue':4 'régulier':13",1022773,3585,3585,rue Messier  ,,50,3,24,1962,1000,,,Logement,Régulier,9943-78-5428-6-000-0000,719,1180,Arrondissement du Plateau-Mont-Royal (Montréal)
18256,"-000':18 '-0000':19 '-7':17 '-78':15 '-7912':16 '01022774':1 '1000':11 '1180':21 '1962':10 '24':9 '3':8 '3565':2,3 '50':7 '725':20 '9943':14 'logement':12 'messier':5 'mtl':6 'rem21':22 'rue':4 'régulier':13",1022774,3565,3565,rue Messier  ,,50,3,24,1962,1000,,,Logement,Régulier,9943-78-7912-7-000-0000,725,1180,Arrondissement du Plateau-Mont-Royal (Montréal)
18406,-000':19 '-0000':20 '-1142':17 '-2':18 '-76':16 '03007347':1 '1000':12 '1515':21 '1956':11 '2381':22 '3':9 '30':10 '50':8 '6655':2 '6695':3 '9339':15 'avenu':4 'logement':13 'mtl':6 'rem34':23 'régulier':14 'victoria':5 'wmt':7,3007347,6655,6695,avenue Victoria  ,,50,3,30,1956,1000,,,Logement,Régulier,9339-76-1142-2-000-0000,1515,2381,Arrondissement de Côte-des-Neiges - Notre-Dame-de-Grâce (Montréal)
18904,"-00':16 '-000':19 '-0000':20 '-2081':17 '-3':18 '01017261':1 '1000':12 '1369':22 '1972':11 '24':10 '3':9 '3125':2,3 '50':8 '909':21 '9734':15 'boulevard':4 'des':5 'logement':13 'mtl':7 'rem20':23 'régulier':14 'trinitair':6",1017261,3125,3125,boulevard des Trinitaires  ,,50,3,24,1972,1000,,,Logement,Régulier,9734-00-2081-3-000-0000,909,1369,Arrondissement du Sud-Ouest (Montréal)
19042,-000':18 '-0000':19 '-6':17 '-74':15 '-8291':16 '01040407':1 '1000':11 '1070':20 '1973':10 '2190':2 '2210':3 '23':9 '3':8 '50':7 '9942':14 'beaudri':5 'logement':12 'mtl':6 'rem19':21 'rue':4 'régulier':13,1040407,2190,2210,rue Beaudry  ,,50,3,23,1973,1000,,,Logement,Régulier,9942-74-8291-6-000-0000,1070,,Arrondissement de Ville-Marie (Montréal)
19149,"-000':19 '-0000':20 '-3':18 '-94':16 '-9739':17 '01027520':1 '1000':12 '1991':11 '265':21 '3':9 '31':10 '4010':2,3 '50':8 '716':22 '9842':15 'avenu':4 'chateaubriand':6 'de':5 'logement':13 'mtl':7 'rem21':23 'régulier':14",1027520,4010,4010,avenue De Chateaubriand  ,,50,3,31,1991,1000,,,Logement,Régulier,9842-94-9739-3-000-0000,265,716,Arrondissement du Plateau-Mont-Royal (Montréal)
19354,"-0':18 '-000':19 '-0000':20 '-6205':17 '-68':16 '01019082':1 '1000':12 '1910':11 '2312':2,3 '27':10 '2925':21 '2979':22 '3':9 '50':8 '9937':15 'centr':6 'du':5 'logement':13 'mtl':7 'rem20':23 'rue':4 'régulier':14",1019082,2312,2312,rue du Centre  ,,50,3,27,1910,1000,,,Logement,Régulier,9937-68-6205-0-000-0000,2925,2979,Arrondissement du Sud-Ouest (Montréal)
19516,"-000':19 '-0000':20 '-2':18 '-89':16 '-8975':17 '01032604':1 '1000':12 '1158':22 '2023':11 '2233':2,3 '26':10 '3':9 '50':8 '551':21 '9942':15 'champlain':6 'de':5 'logement':13 'mtl':7 'rem19':23 'rue':4 'régulier':14",1032604,2233,2233,rue De Champlain  ,,50,3,26,2023,1000,,,Logement,Régulier,9942-89-8975-2-000-0000,551,1158,Arrondissement de Ville-Marie (Montréal)
19551,"-000':18 '-0000':19 '-2':17 '-6849':16 '-78':15 '01022920':1 '1000':11 '1180':21 '1962':10 '24':9 '3':8 '3580':2,3 '50':7 '717':20 '9943':14 'fullum':5 'logement':12 'mtl':6 'rem21':22 'rue':4 'régulier':13",1022920,3580,3580,rue Fullum  ,,50,3,24,1962,1000,,,Logement,Régulier,9943-78-6849-2-000-0000,717,1180,Arrondissement du Plateau-Mont-Royal (Montréal)
19788,"-000':19 '-0000':20 '-53':16 '-6':18 '-9159':17 '01032435':1 '1000':12 '1965':11 '21':10 '3':9 '400':21 '50':8 '5230':2,3 '906':22 '9844':15 'avenu':4 'des':5 'logement':13 'mtl':7 'rem21':23 'régulier':14 'érabl':6",1032435,5230,5230,avenue des Érables  ,,50,3,21,1965,1000,,,Logement,Régulier,9844-53-9159-6-000-0000,400,906,Arrondissement du Plateau-Mont-Royal (Montréal)
20059,"-000':18 '-0000':19 '-4465':16 '-78':15 '-9':17 '01022922':1 '1000':11 '1180':21 '1962':10 '24':9 '3':8 '3600':2,3 '50':7 '711':20 '9943':14 'fullum':5 'logement':12 'mtl':6 'rem21':22 'rue':4 'régulier':13",1022922,3600,3600,rue Fullum  ,,50,3,24,1962,1000,,,Logement,Régulier,9943-78-4465-9-000-0000,711,1180,Arrondissement du Plateau-Mont-Royal (Montréal)
20271,"-000':18 '-0000':19 '-1':17 '-4692':16 '-48':15 '01032728':1 '1000':11 '1144':21 '1910':10 '20':9 '3':8 '4340':2,3 '50':7 '696':20 '9943':14 'logement':12 'mtl':6 'parthenai':5 'rem21':22 'rue':4 'régulier':13",1032728,4340,4340,rue Parthenais  ,,50,3,20,1910,1000,,,Logement,Régulier,9943-48-4692-1-000-0000,696,1144,Arrondissement du Plateau-Mont-Royal (Montréal)
20330,-000':19 '-0000':20 '-27':16 '-6892':17 '-7':18 '01028438':1 '1000':12 '1143':22 '1920':11 '20':10 '3':9 '50':8 '513':21 '6014':2 '6016':3 '9642':15 'avenu':4 'du':5 'logement':13 'mtl':7 'parc':6 'rem21':23 'régulier':14,1028438,6014,6016,avenue du Parc  ,,50,3,20,1920,1000,,,Logement,Régulier,9642-27-6892-7-000-0000,513,1143,Arrondissement du Plateau-Mont-Royal (Montréal)
20618,"-0':19 '-000':20 '-0000':21 '-5137':18 '-52':17 '01026924':1 '1000':13 '1635':23 '1966':12 '3440':2,3 '39':11 '4':10 '50':9 '511':22 '9942':16 'andré':7 'logement':14 'mtl':8 'rem21':24 'rue':4 'régulier':15 'saint':6 'saint-andré':5",1026924,3440,3440,rue Saint-André  ,,50,4,39,1966,1000,,,Logement,Régulier,9942-52-5137-0-000-0000,511,1635,Arrondissement du Plateau-Mont-Royal (Montréal)
20815,"-000':18 '-0000':19 '-78':15 '-8':17 '-9232':16 '01022918':1 '1000':11 '1180':21 '1962':10 '24':9 '3':8 '3560':2,3 '50':7 '723':20 '9943':14 'fullum':5 'logement':12 'mtl':6 'rem21':22 'rue':4 'régulier':13",1022918,3560,3560,rue Fullum  ,,50,3,24,1962,1000,,,Logement,Régulier,9943-78-9232-8-000-0000,723,1180,Arrondissement du Plateau-Mont-Royal (Montréal)
20885,-000':20 '-0000':21 '-2738':18 '-71':17 '-8':19 '01017655':1 '1000':13 '1444':23 '1965':12 '22':11 '372':22 '4':10 '4444':2 '4446':3 '50':9 '9843':16 'de':5 'la':6 'logement':14 'mtl':8 'rem21':24 'roch':7 'rue':4 'régulier':15,1017655,4444,4446,rue De La Roche  ,,50,4,22,1965,1000,,,Logement,Régulier,9843-71-2738-8-000-0000,372,1444,Arrondissement du Plateau-Mont-Royal (Montréal)
20919,"-000':18 '-0000':19 '-4':17 '-6300':16 '-96':15 '01058631':1 '1000':11 '1380':21 '1956':10 '3':8 '36':9 '3687':2,3 '50':7 '557':20 '9841':14 'clark':5 'logement':12 'mtl':6 'rem21':22 'rue':4 'régulier':13",1058631,3687,3687,rue Clark  ,,50,3,36,1956,1000,,,Logement,Régulier,9841-96-6300-4-000-0000,557,1380,Arrondissement du Plateau-Mont-Royal (Montréal)
21263,"-000':22 '-0000':23 '-3':21 '-90':19 '-9410':20 '0043':18 '01019432':1 '1000':15 '1027':24 '1993':14 '2265':2,3 '2323':25 '27':13 '5':12 '50':11 'catherin':7 'est':8 'logement':16 'mte':9 'mtl':10 'rem19':26 'rue':4 'régulier':17 'saint':6 'sainte-catherin':5",1019432,2265,2265,rue Sainte-Catherine Est  ,,50,5,27,1993,1000,,,Logement,Régulier,0043-90-9410-3-000-0000,1027,2323,Arrondissement de Ville-Marie (Montréal)
21407,"-000':20 '-0000':21 '-4977':18 '-73':17 '-8':19 '01025595':1 '1000':13 '1800':12 '29':11 '3':10 '435':22 '50':9 '5281':2,3 '666':23 '9743':16 'hubert':7 'logement':14 'mtl':8 'rem21':24 'rue':4 'régulier':15 'saint':6 'saint-hubert':5",1025595,5281,5281,rue Saint-Hubert  ,,50,3,29,1800,1000,,,Logement,Régulier,9743-73-4977-8-000-0000,435,666,Arrondissement du Plateau-Mont-Royal (Montréal)
21549,-000':19 '-0000':20 '-3':18 '-65':16 '-8826':17 '01028518':1 '1000':12 '1030':21 '1925':11 '24':10 '3783':22 '4':9 '50':8 '5626':2 '5644':3 '9642':15 'avenu':4 'du':5 'logement':13 'mtl':7 'parc':6 'rem21':23 'régulier':14,1028518,5626,5644,avenue du Parc  ,,50,4,24,1925,1000,,,Logement,Régulier,9642-65-8826-3-000-0000,1030,3783,Arrondissement du Plateau-Mont-Royal (Montréal)
21551,-000':21 '-0000':22 '-23':18 '-4739':19 '-5':20 '03064782':1 '1000':14 '1240':23 '1932':13 '3345':24 '34':12 '4':11 '50':10 '6150':2 '6162':3 '9536':17 'logement':15 'mtl':7 'mto':8 'ouest':6 'rem34':25 'rue':4 'régulier':16 'sherbrook':5 'wmt':9,3064782,6150,6162,rue Sherbrooke Ouest  ,,50,4,34,1932,1000,,,Logement,Régulier,9536-23-4739-5-000-0000,1240,3345,Arrondissement de Côte-des-Neiges - Notre-Dame-de-Grâce (Montréal)
21570,-000':19 '-0000':20 '-4':18 '-47':16 '-7826':17 '01032245':1 '1000':12 '1910':11 '28':10 '3':9 '4247':2 '4257':3 '454':21 '50':8 '905':22 '9943':15 'avenu':4 'de':5 'logement':13 'lorimi':6 'mtl':7 'rem21':23 'régulier':14,1032245,4247,4257,avenue De Lorimier  ,,50,3,28,1910,1000,,,Logement,Régulier,9943-47-7826-4-000-0000,454,905,Arrondissement du Plateau-Mont-Royal (Montréal)
21604,"-000':18 '-0000':19 '-10':15 '-1026':16 '-7':17 '01027773':1 '1000':11 '1962':10 '27':9 '3':8 '340':20 '50':7 '700':2,3 '731':21 '9843':14 'gilford':5 'logement':12 'mtl':6 'rem21':22 'rue':4 'régulier':13",1027773,700,700,rue Gilford  ,,50,3,27,1962,1000,,,Logement,Régulier,9843-10-1026-7-000-0000,340,731,Arrondissement du Plateau-Mont-Royal (Montréal)
21633,-000':18 '-0000':19 '-1934':16 '-21':15 '-7':17 '01030718':1 '1000':11 '1801':21 '1957':10 '3':8 '32':9 '50':7 '5346':2 '5350':3 '744':20 '9844':14 'avenu':4 'logement':12 'mtl':6 'papineau':5 'rem21':22 'régulier':13,1030718,5346,5350,avenue Papineau  ,,50,3,32,1957,1000,,,Logement,Régulier,9844-21-1934-7-000-0000,744,1801,Arrondissement du Plateau-Mont-Royal (Montréal)
21758,-000':18 '-0000':19 '-68':15 '-7':17 '-9696':16 '01030804':1 '1000':11 '1910':10 '24':9 '3':8 '4815':2 '4827':3 '50':7 '919':20 '967':21 '9843':14 'avenu':4 'logement':12 'mtl':6 'papineau':5 'rem21':22 'régulier':13,1030804,4815,4827,avenue Papineau  ,,50,3,24,1910,1000,,,Logement,Régulier,9843-68-9696-7-000-0000,919,967,Arrondissement du Plateau-Mont-Royal (Montréal)
21914,-000':22 '-0000':23 '-1990':20 '-2':21 '-29':19 '01034133':1 '1000':15 '1926':14 '1955':25 '2150':2 '2160':3 '3':12 '38':13 '50':11 '882':24 '9943':18 'avenu':4 'du':5 'est':9 'logement':16 'mont':7 'mont-roy':6 'mtl':10 'rem21':26 'royal':8 'régulier':17,1034133,2150,2160,avenue du Mont-Royal Est  ,,50,3,38,1926,1000,,,Logement,Régulier,9943-29-1990-2-000-0000,882,1955,Arrondissement du Plateau-Mont-Royal (Montréal)
22284,"-000':20 '-0000':21 '-1':19 '-3387':18 '-73':17 '01025593':1 '1000':13 '1944':12 '3':10 '30':11 '436':22 '50':9 '5289':2,3 '666':23 '9743':16 'hubert':7 'logement':14 'mtl':8 'rem21':24 'rue':4 'régulier':15 'saint':6 'saint-hubert':5",1025593,5289,5289,rue Saint-Hubert  ,,50,3,30,1944,1000,,,Logement,Régulier,9743-73-3387-1-000-0000,436,666,Arrondissement du Plateau-Mont-Royal (Montréal)
22340,-000':26 '-0000':27 '-0504':24 '-4':25 '-40':23 '03066888':1 '1000':19 '1274':28 '1955':18 '21':17 '2644':29 '3':16 '50':15 '6400':2 '6412':3 '9337':22 'chemin':4 'csl':11 'côte':8 'côte-saint-luc':7 'de':5 'hms':12 'la':6 'logement':20 'luc':10 'mtl':13 'mto':14 'rem34':30 'régulier':21 'saint':9,3066888,6400,6412,chemin de la Côte-Saint-Luc  ,,50,3,21,1955,1000,,,Logement,Régulier,9337-40-0504-4-000-0000,1274,2644,Arrondissement de Côte-des-Neiges - Notre-Dame-de-Grâce (Montréal)
22513,"-0':17 '-000':18 '-0000':19 '-0782':16 '-71':15 '01025107':1 '1000':11 '1963':10 '279':20 '3':8 '31':9 '50':7 '5255':2,3 '631':21 '9743':14 'logement':12 'mtl':6 'rem21':22 'rivard':5 'rue':4 'régulier':13",1025107,5255,5255,rue Rivard  ,,50,3,31,1963,1000,,,Logement,Régulier,9743-71-0782-0-000-0000,279,631,Arrondissement du Plateau-Mont-Royal (Montréal)
22584,-000':19 '-0000':20 '-1':18 '-37':16 '-5239':17 '01028452':1 '1000':12 '1027':21 '1911':11 '2012':22 '26':10 '3':9 '50':8 '5944':2 '5956':3 '9642':15 'avenu':4 'du':5 'logement':13 'mtl':7 'parc':6 'rem21':23 'régulier':14,1028452,5944,5956,avenue du Parc  ,,50,3,26,1911,1000,,,Logement,Régulier,9642-37-5239-1-000-0000,1027,2012,Arrondissement du Plateau-Mont-Royal (Montréal)
22585,-0':18 '-000':19 '-0000':20 '-37':16 '-7823':17 '01028454':1 '1000':12 '1027':21 '1911':11 '2009':22 '24':10 '3':9 '50':8 '5926':2 '5938':3 '9642':15 'avenu':4 'du':5 'logement':13 'mtl':7 'parc':6 'rem21':23 'régulier':14,1028454,5926,5938,avenue du Parc  ,,50,3,24,1911,1000,,,Logement,Régulier,9642-37-7823-0-000-0000,1027,2009,Arrondissement du Plateau-Mont-Royal (Montréal)
22624,-000':20 '-0000':21 '-18':17 '-2038':18 '-6':19 '01024950':1 '1000':13 '1910':12 '21':11 '291':22 '3':10 '4719':2 '4723':3 '50':9 '626':23 '9842':16 'deni':7 'logement':14 'mtl':8 'rem21':24 'rue':4 'régulier':15 'saint':6 'saint-deni':5,1024950,4719,4723,rue Saint-Denis  ,,50,3,21,1910,1000,,,Logement,Régulier,9842-18-2038-6-000-0000,291,626,Arrondissement du Plateau-Mont-Royal (Montréal)
23065,-000':20 '-0000':21 '-2642':18 '-4':19 '-86':17 '01117581':1 '1000':13 '30':11 '4101':2 '4111':3 '50':10 '835':22 '9737':16 '9999':12 'antoin':7 'logement':14 'mtl':9 'ouest':8 'rem20':23 'rue':4 'régulier':15 'saint':6 'saint-antoin':5,1117581,4101,4111,rue Saint-Antoine Ouest  ,,50,,30,9999,1000,,,Logement,Régulier,9737-86-2642-4-000-0000,835,,Arrondissement du Sud-Ouest (Montréal)
23124,"-000':21 '-0000':22 '-1224':19 '-63':18 '-7':20 '0041':17 '01091246':1 '1000':14 '1987':13 '26':12 '3':11 '480':2,3 '50':10 '500':23 '901':24 'antoin':7 'est':8 'logement':15 'mtl':9 'rem19':25 'rue':4 'régulier':16 'saint':6 'saint-antoin':5",1091246,480,480,rue Saint-Antoine Est  ,,50,3,26,1987,1000,,,Logement,Régulier,0041-63-1224-7-000-0000,500,901,Arrondissement de Ville-Marie (Montréal)
23175,"-000':20 '-0000':21 '-3':19 '-3224':18 '-75':17 '03106419':1 '1000':13 '1048':22 '1397':23 '1969':12 '24':11 '3':10 '50':9 '8370':2,3 '9445':16 'avenu':4 'christoph':6 'christophe-colomb':5 'colomb':7 'logement':14 'mtl':8 'rem25':24 'régulier':15",3106419,8370,8370,avenue Christophe-Colomb  ,,50,3,24,1969,1000,,,Logement,Régulier,9445-75-3224-3-000-0000,1048,1397,Arrondissement de Villeray - Saint-Michel - Parc-Extension (Montréal)
23365,"-000':22 '-0000':23 '-3739':20 '-4':21 '-62':19 '0041':18 '01091535':1 '1000':15 '1037':24 '1914':14 '2596':25 '27':13 '3':12 '435':2,3 '50':11 'champ':7 'champ-de-mar':6 'de':8 'du':5 'logement':16 'mar':9 'mtl':10 'rem19':26 'rue':4 'régulier':17",1091535,435,435,rue du Champ-de-Mars  ,,50,3,27,1914,1000,,,Logement,Régulier,0041-62-3739-4-000-0000,1037,2596,Arrondissement de Ville-Marie (Montréal)
23479,"-000':22 '-0000':23 '-06':19 '-5197':20 '-6':21 '03075048':1 '1000':15 '1013':24 '1938':14 '25':13 '2503':25 '4':12 '4810':2,3 '50':11 '9538':18 'chemin':4 'csl':8 'hms':9 'logement':16 'mari':7 'mtl':10 'queen':6 'queen-mari':5 'rem34':26 'régulier':17",3075048,4810,4810,chemin Queen-Mary  ,,50,4,25,1938,1000,,,Logement,Régulier,9538-06-5197-6-000-0000,1013,2503,Arrondissement de Côte-des-Neiges - Notre-Dame-de-Grâce (Montréal)
23567,"-000':18 '-0000':19 '-1338':16 '-19':15 '-7':17 '01029316':1 '1000':11 '1313':21 '1974':10 '25':9 '3':8 '50':7 '5295':2,3 '655':20 '9843':14 'garnier':5 'logement':12 'mtl':6 'rem21':22 'rue':4 'régulier':13",1029316,5295,5295,rue Garnier  ,,50,3,25,1974,1000,,,Logement,Régulier,9843-19-1338-7-000-0000,655,1313,Arrondissement du Plateau-Mont-Royal (Montréal)
23613,"-000':21 '-0000':22 '-5':20 '-5108':19 '-93':18 '01033935':1 '1000':14 '1375':2,3 '1955':13 '3':11 '31':12 '3192':24 '3351':23 '50':10 '9843':17 'ann':7 'est':8 'logement':15 'mari':6 'marie-ann':5 'mtl':9 'rem21':25 'rue':4 'régulier':16",1033935,1375,1375,rue Marie-Anne Est  ,,50,3,31,1955,1000,,,Logement,Régulier,9843-93-5108-5-000-0000,3351,3192,Arrondissement du Plateau-Mont-Royal (Montréal)
23734,"-000':19 '-0000':20 '-4':18 '-4381':17 '-62':16 '01026786':1 '1000':12 '1243':22 '1964':11 '23':10 '374':21 '4':9 '4530':2,3 '50':8 '9843':15 'brébeuf':6 'de':5 'logement':13 'mtl':7 'rem21':23 'rue':4 'régulier':14",1026786,4530,4530,rue De Brébeuf  ,,50,4,23,1964,1000,,,Logement,Régulier,9843-62-4381-4-000-0000,374,1243,Arrondissement du Plateau-Mont-Royal (Montréal)
23735,"-0':18 '-000':19 '-0000':20 '-3289':17 '-62':16 '01026788':1 '1000':12 '1966':11 '25':10 '279':21 '4':9 '4540':2,3 '50':8 '873':22 '9843':15 'brébeuf':6 'de':5 'logement':13 'mtl':7 'rem21':23 'rue':4 'régulier':14",1026788,4540,4540,rue De Brébeuf  ,,50,4,25,1966,1000,,,Logement,Régulier,9843-62-3289-0-000-0000,279,873,Arrondissement du Plateau-Mont-Royal (Montréal)
23736,"-000':19 '-0000':20 '-2295':17 '-62':16 '-8':18 '01026790':1 '1000':12 '1966':11 '25':10 '279':21 '4':9 '4550':2,3 '50':8 '873':22 '9843':15 'brébeuf':6 'de':5 'logement':13 'mtl':7 'rem21':23 'rue':4 'régulier':14",1026790,4550,4550,rue De Brébeuf  ,,50,4,25,1966,1000,,,Logement,Régulier,9843-62-2295-8-000-0000,279,873,Arrondissement du Plateau-Mont-Royal (Montréal)
23783,"-000':19 '-0000':20 '-11':16 '-6':18 '-7668':17 '01033729':1 '1000':12 '1084':22 '1385':2,3 '1960':11 '3':9 '39':10 '50':8 '511':21 '9943':15 'est':6 'logement':13 'mtl':7 'rachel':5 'rem21':23 'rue':4 'régulier':14",1033729,1385,1385,rue Rachel Est  ,,50,3,39,1960,1000,,,Logement,Régulier,9943-11-7668-6-000-0000,511,1084,Arrondissement du Plateau-Mont-Royal (Montréal)
24467,-000':18 '-0000':19 '-39':15 '-8':17 '-8573':16 '01101953':1 '1000':11 '1836':21 '1939':20 '1989':10 '23':9 '3':8 '50':7 '600':2 '620':3 '9938':14 'guy':5 'logement':12 'mtl':6 'rem20':22 'rue':4 'régulier':13,1101953,600,620,rue Guy  ,,50,3,23,1989,1000,,,Logement,Régulier,9938-39-8573-8-000-0000,1939,1836,Arrondissement du Sud-Ouest (Montréal)
24468,"-000':18 '-0000':19 '-1':17 '-1555':16 '-49':15 '01101954':1 '1000':11 '1732':21 '1988':10 '2295':20 '23':9 '3':8 '50':7 '580':2,3 '9938':14 'guy':5 'logement':12 'mtl':6 'rem20':22 'rue':4 'régulier':13",1101954,580,580,rue Guy  ,,50,3,23,1988,1000,,,Logement,Régulier,9938-49-1555-1-000-0000,2295,1732,Arrondissement du Sud-Ouest (Montréal)
24841,"-000':20 '-0000':21 '-75':17 '-7516':18 '-8':19 '03014897':1 '1000':13 '1050':22 '1402':23 '1969':12 '27':11 '3':10 '50':9 '8330':2,3 '9445':16 'avenu':4 'christoph':6 'christophe-colomb':5 'colomb':7 'logement':14 'mtl':8 'rem25':24 'régulier':15",3014897,8330,8330,avenue Christophe-Colomb  ,,50,3,27,1969,1000,,,Logement,Régulier,9445-75-7516-8-000-0000,1050,1402,Arrondissement de Villeray - Saint-Michel - Parc-Extension (Montréal)
24961,"-000':20 '-0000':21 '-1':19 '-4502':18 '-75':17 '03106421':1 '1000':13 '1099':22 '1402':23 '1969':12 '24':11 '3':10 '50':9 '8350':2,3 '9445':16 'avenu':4 'christoph':6 'christophe-colomb':5 'colomb':7 'logement':14 'mtl':8 'rem25':24 'régulier':15",3106421,8350,8350,avenue Christophe-Colomb  ,,50,3,24,1969,1000,,,Logement,Régulier,9445-75-4502-1-000-0000,1099,1402,Arrondissement de Villeray - Saint-Michel - Parc-Extension (Montréal)
25149,"-0002':20 '-001':19 '-2':18 '-7250':17 '-84':16 '01119396':1 '1000':12 '1923':11 '2365':2,3 '24':10 '4':9 '4297':22 '50':8 '993':21 '9937':15 'colerain':6 'condominium':14 'de':5 'logement':13 'mtl':7 'rem20':23 'rue':4",1119396,2365,2365,rue de Coleraine  ,,50,4,24,1923,1000,,,Logement,Condominium,9937-84-7250-2-001-0002,993,4297,Arrondissement du Sud-Ouest (Montréal)
25296,-0':19 '-000':20 '-0000':21 '-7059':18 '-86':17 '0037':16 '01119582':1 '1000':13 '1993':12 '2001':2 '2041':3 '2431':23 '25':11 '2533':22 '3':10 '50':9 'dick':6 'dick-irvin':5 'irvin':7 'logement':14 'mtl':8 'rem20':24 'rue':4 'régulier':15,1119582,2001,2041,rue Dick-Irvin  ,,50,3,25,1993,1000,,,Logement,Régulier,0037-86-7059-0-000-0000,2533,2431,Arrondissement du Sud-Ouest (Montréal)
25358,"-000':21 '-0000':22 '-3422':19 '-9':20 '-96':18 '01096128':1 '1000':14 '1750':24 '1984':13 '211':2,3 '3':11 '35':12 '50':10 '697':23 '9940':17 'de':5 'gauchetièr':7 'la':6 'logement':15 'mtl':9 'ouest':8 'rem19':25 'rue':4 'régulier':16",1096128,211,211,rue De La Gauchetière Ouest  ,,50,3,35,1984,1000,,,Logement,Régulier,9940-96-3422-9-000-0000,697,1750,Arrondissement de Ville-Marie (Montréal)
25412,"-000':20 '-0000':21 '-5':19 '-5799':18 '-85':17 '0037':16 '01122429':1 '1000':13 '1134':22 '1994':12 '200':2,3 '2564':23 '27':11 '5':10 '50':9 'frank':6 'frank-selk':5 'logement':14 'mtl':8 'rem20':24 'rue':4 'régulier':15 'selk':7",1122429,200,200,rue Frank-Selke  ,,50,5,27,1994,1000,,,Logement,Régulier,0037-85-5799-5-000-0000,1134,2564,Arrondissement du Sud-Ouest (Montréal)
25413,-000':20 '-0000':21 '-2389':18 '-8':19 '-85':17 '0037':16 '01122430':1 '1000':13 '1476':22 '1994':12 '23':11 '240':2 '250':3 '3':10 '50':9 '952':23 'frank':6 'frank-selk':5 'logement':14 'mtl':8 'rem20':24 'rue':4 'régulier':15 'selk':7,1122430,240,250,rue Frank-Selke  ,,50,3,23,1994,1000,,,Logement,Régulier,0037-85-2389-8-000-0000,1476,952,Arrondissement du Sud-Ouest (Montréal)
25552,-000':24 '-0000':25 '-16':21 '-4':23 '-4289':22 '03034762':1 '1000':17 '1364':27 '1943':16 '24':15 '3':14 '50':13 '5230':2 '5240':3 '892':26 '9438':20 'catherin':10 'chemin':4 'côte':8 'côte-sainte-catherin':7 'de':5 'la':6 'logement':18 'mtl':11 'rem34':28 'régulier':19 'saint':9,3034762,5230,5240,chemin de la Côte-Sainte-Catherine  ,,50,3,24,1943,1000,,,Logement,Régulier,9438-16-4289-4-000-0000,892,1364,Arrondissement de Côte-des-Neiges - Notre-Dame-de-Grâce (Montréal)
25572,-000':20 '-0000':21 '-1522':18 '-3':19 '-93':17 '01093118':1 '1000':13 '1448':23 '1956':12 '3':10 '32':11 '3989':2 '4005':3 '50':9 '662':22 '9842':16 'deni':7 'logement':14 'mtl':8 'rem21':24 'rue':4 'régulier':15 'saint':6 'saint-deni':5,1093118,3989,4005,rue Saint-Denis  ,,50,3,32,1956,1000,,,Logement,Régulier,9842-93-1522-3-000-0000,662,1448,Arrondissement du Plateau-Mont-Royal (Montréal)
25597,"-000':18 '-0000':19 '-36':15 '-7':17 '-8676':16 '01094815':1 '1000':11 '1910':10 '2277':20 '27':9 '3':8 '3762':21 '50':7 '5000':2,3 '9843':14 'garnier':5 'logement':12 'mtl':6 'rem21':22 'rue':4 'régulier':13",1094815,5000,5000,rue Garnier  ,,50,3,27,1910,1000,,,Logement,Régulier,9843-36-8676-7-000-0000,2277,3762,Arrondissement du Plateau-Mont-Royal (Montréal)
25701,-000':20 '-0000':21 '-1':19 '-30':17 '-3006':18 '01101951':1 '1000':13 '1600':2 '1650':3 '2007':22 '24':11 '3':10 '50':9 '9939':16 '9999':12 'jacqu':7 'logement':14 'mtl':8 'rem20':23 'rue':4 'régulier':15 'saint':6 'saint-jacqu':5,1101951,1600,1650,rue Saint-Jacques  ,,50,3,24,9999,1000,,,Logement,Régulier,9939-30-3006-1-000-0000,2007,,Arrondissement du Sud-Ouest (Montréal)
25702,-000':18 '-0000':19 '-39':15 '-5890':16 '-9':17 '01101952':1 '1000':11 '1985':20 '24':9 '3':8 '50':7 '630':2 '650':3 '9938':14 '9999':10 'guy':5 'logement':12 'mtl':6 'rem20':21 'rue':4 'régulier':13,1101952,630,650,rue Guy  ,,50,3,24,9999,1000,,,Logement,Régulier,9938-39-5890-9-000-0000,1985,,Arrondissement du Sud-Ouest (Montréal)
25745,"-000':20 '-0000':21 '-2':19 '-21':17 '-6256':18 '0041':16 '01097550':1 '1000':13 '1010':2,3 '1456':23 '1988':12 '21':11 '3':10 '50':9 '861':22 'logement':14 'mtl':8 'rem19':24 'rue':4 'régulier':15 'saint':6 'sainte-élisabeth':5 'élisabeth':7",1097550,1010,1010,rue Sainte-Élisabeth  ,,50,3,21,1988,1000,,,Logement,Régulier,0041-21-6256-2-000-0000,861,1456,Arrondissement de Ville-Marie (Montréal)
26369,"-000':19 '-0000':20 '-1':18 '-6077':17 '-89':16 '01102075':1 '1000':12 '1564':21 '1772':22 '1988':11 '22':10 '3':9 '313':2,3 '50':8 '9837':15 'de':5 'logement':13 'lévis':6 'mtl':7 'rem20':23 'rue':4 'régulier':14",1102075,313,313,rue De Lévis  ,,50,3,22,1988,1000,,,Logement,Régulier,9837-89-6077-1-000-0000,1564,1772,Arrondissement du Sud-Ouest (Montréal)
26743,"-0':17 '-000':18 '-0000':19 '-5777':16 '-79':15 '01105989':1 '1000':11 '1085':20 '1990':10 '29':7 '3235':21 '40':9 '5':8 '80':2,3 '9737':14 'avenu':4 'hillsid':5 'logement':12 'rem99':22 'régulier':13 'wmt':6",1105989,80,80,avenue Hillside  ,,29,5,40,1990,1000,,,Logement,Régulier,9737-79-5777-0-000-0000,1085,3235,(Westmount)
27091,"-000':18 '-0000':19 '-26':15 '-4':17 '-6323':16 '03075383':1 '1000':11 '1558':21 '1962':10 '24':9 '4':8 '50':7 '5355':2,3 '566':20 '9336':14 'avenu':4 'logement':12 'mtl':6 'rem34':22 'régulier':13 'walkley':5",3075383,5355,5355,avenue Walkley  ,,50,4,24,1962,1000,,,Logement,Régulier,9336-26-6323-4-000-0000,566,1558,Arrondissement de Côte-des-Neiges - Notre-Dame-de-Grâce (Montréal)
27110,"-000':18 '-0000':19 '-14':15 '-3':17 '-9342':16 '02034950':1 '1000':11 '1430':21 '1965':10 '20':9 '26e':4 '4':8 '50':7 '512':20 '6860':2,3 '9847':14 'avenu':5 'logement':12 'mtl':6 'rem24':22 'régulier':13",2034950,6860,6860,26e Avenue  ,,50,4,20,1965,1000,,,Logement,Régulier,9847-14-9342-3-000-0000,512,1430,Arrondissement de Rosemont - La Petite-Patrie
27492,"-000':20 '-0000':21 '-1':19 '-21':17 '-9236':18 '0041':16 '01108502':1 '1000':2,13 '1008':3 '1422':23 '1989':12 '21':11 '3':10 '50':9 '842':22 'logement':14 'mtl':8 'rem19':24 'rue':4 'régulier':15 'saint':6 'sainte-élisabeth':5 'élisabeth':7",1108502,1000,1008,rue Sainte-Élisabeth  ,,50,3,21,1989,1000,,,Logement,Régulier,0041-21-9236-1-000-0000,842,1422,Arrondissement de Ville-Marie (Montréal)
27700,"-000':20 '-0000':21 '-6':19 '-84':17 '-9008':18 '01104269':1 '1000':13 '1389':23 '1989':12 '24':11 '3':10 '4660':2,3 '50':9 '938':22 '9742':16 'dominiqu':7 'logement':14 'mtl':8 'rem21':24 'rue':4 'régulier':15 'saint':6 'saint-dominiqu':5",1104269,4660,4660,rue Saint-Dominique  ,,50,3,24,1989,1000,,,Logement,Régulier,9742-84-9008-6-000-0000,938,1389,Arrondissement du Plateau-Mont-Royal (Montréal)
27720,"-0002':20 '-1':18 '-146':19 '-7220':17 '-83':16 '01109186':1 '1000':12 '1989':11 '29':10 '3540':2,3 '50':8 '6':9 '881':21 '9841':15 'avenu':4 'condominium':14 'du':5 'logement':13 'mtl':7 'parc':6 'rem21':22",1109186,3540,3540,avenue du Parc  ,,50,6,29,1989,1000,,,Logement,Condominium,9841-83-7220-1-146-0002,881,,Arrondissement du Plateau-Mont-Royal (Montréal)
27721,"-0002':20 '-041':19 '-1':18 '-7220':17 '-83':16 '01109187':1 '1':9 '1000':12 '1948':11 '24':10 '3509':2,3 '50':8 '736':21 '9841':15 'condominium':14 'hutchison':5 'logement':13 'mtl':6 'rem21':22 'rue':4",1109187,3509,3509,rue Hutchison  ,,50,1,24,1948,1000,,,Logement,Condominium,9841-83-7220-1-041-0002,736,,Arrondissement du Plateau-Mont-Royal (Montréal)
28109,-000':19 '-0000':20 '-1406':17 '-31':16 '-7':18 '0041':15 '01110748':1 '1000':12 '1991':11 '209':2 '221':3 '2995':22 '30':10 '50':8 '6':9 '941':21 'avenu':4 'est':6 'logement':13 'mtl':7 'rem19':23 'régulier':14 'viger':5,1110748,209,221,avenue Viger Est  ,,50,6,30,1991,1000,,,Logement,Régulier,0041-31-1406-7-000-0000,941,2995,Arrondissement de Ville-Marie (Montréal)
28145,"-000':18 '-0000':19 '-1':17 '-1704':16 '-49':15 '01102027':1 '1000':11 '1925':10 '31':9 '3287':21 '4':8 '4160':2,3 '50':7 '860':20 '9841':14 'clark':5 'logement':12 'mtl':6 'rem21':22 'rue':4 'régulier':13",1102027,4160,4160,rue Clark  ,,50,4,31,1925,1000,,,Logement,Régulier,9841-49-1704-1-000-0000,860,3287,Arrondissement du Plateau-Mont-Royal (Montréal)
28418,"-0006':23 '-074':22 '-1':21 '-7220':20 '-83':19 '01109234':1 '1000':13 '1915':12 '2173':24 '29':11 '3500':2,3 '4':10 '50':9 '9841':18 'b':15 'condominium':17 'famill':7 'logement':16 'mtl':8 'rem21':25 'rue':4 'saint':6 'sainte-famill':5",1109234,3500,3500,rue Sainte-Famille  ,,50,4,29,1915,1000,A,B,Logement,Condominium,9841-83-7220-1-074-0006,2173,,Arrondissement du Plateau-Mont-Royal (Montréal)
28796,"-0':18 '-000':19 '-0000':20 '-29':16 '-9150':17 '03029252':1 '1000':12 '11920':2,3 '1863':22 '1968':11 '4':9 '40':10 '50':8 '793':21 '8842':15 'grenet':5 'logement':13 'mtl':6 'rem23':23 'rue':4 'régulier':14 'slr':7",3029252,11920,11920,rue Grenet  ,,50,4,40,1968,1000,,,Logement,Régulier,8842-29-9150-0-000-0000,793,1863,Arrondissement d'Ahuntsic-Cartierville
28813,-0002':21 '-097':20 '-1':19 '-7220':18 '-83':17 '01109225':1 '1000':13 '1230':22 '1900':12 '2':10 '27':11 '3601':2 '3605':3 '50':9 '9841':16 'condominium':15 'jeann':6 'jeanne-m':5 'logement':14 'manc':7 'mtl':8 'rem21':23 'rue':4,1109225,3601,3605,rue Jeanne-Mance  ,,50,2,27,1900,1000,,,Logement,Condominium,9841-83-7220-1-097-0002,1230,,Arrondissement du Plateau-Mont-Royal (Montréal)
28984,"-0002':19 '-056':18 '-1':17 '-7220':16 '-83':15 '01109219':1 '1000':11 '1707':20 '1900':10 '221':2,3 '25':9 '3':8 '50':7 '9841':14 'condominium':13 'logement':12 'milton':5 'mtl':6 'rem21':21 'rue':4",1109219,221,221,rue Milton  ,,50,3,25,1900,1000,,,Logement,Condominium,9841-83-7220-1-056-0002,1707,,Arrondissement du Plateau-Mont-Royal (Montréal)
29121,-000':18 '-0000':19 '-2877':16 '-3':17 '-80':15 '01104820':1 '1000':11 '1986':10 '2015':2 '2017':3 '2146':20 '3945':21 '4':8 '40':9 '50':7 '9844':14 'gilford':5 'logement':12 'mtl':6 'rem21':22 'rue':4 'régulier':13,1104820,2015,2017,rue Gilford  ,,50,4,40,1986,1000,,,Logement,Régulier,9844-80-2877-3-000-0000,2146,3945,Arrondissement du Plateau-Mont-Royal (Montréal)
29227,-0008':21 '-020':20 '-1':19 '-7220':18 '-83':17 '01109206':1 '1000':12 '1985':11 '21':10 '3500':2 '3508':3 '5':9 '50':8 '807':22 '9841':16 'avenu':4 'condominium':15 'du':5 'logement':14 'mtl':7 'parc':6 'rem21':23,1109206,3500,3508,avenue du Parc  ,,50,5,21,1985,1000,,A,Logement,Condominium,9841-83-7220-1-020-0008,807,,Arrondissement du Plateau-Mont-Royal (Montréal)
29273,"-000':22 '-0000':23 '-45':19 '-7':21 '-8823':20 '02033654':1 '1000':15 '1893':25 '1965':14 '31':13 '4':12 '50':11 '5330':2,3 '653':24 '9946':18 'boulevard':4 'ix':7 'logement':16 'mtl':8 'mtn':9 'pie':6 'pie-ix':5 'rem24':26 'régulier':17 'sln':10",2033654,5330,5330,boulevard Pie-IX  ,,50,4,31,1965,1000,,,Logement,Régulier,9946-45-8823-7-000-0000,653,1893,Arrondissement de Rosemont - La Petite-Patrie
29309,-0002':20 '-027':19 '-1':18 '-7220':17 '-83':16 '01109212':1 '1000':12 '1676':21 '1885':11 '22':10 '3':9 '3520':2 '3522':3 '50':8 '9841':15 'avenu':4 'condominium':14 'du':5 'logement':13 'mtl':7 'parc':6 'rem21':22,1109212,3520,3522,avenue du Parc  ,,50,3,22,1885,1000,,,Logement,Condominium,9841-83-7220-1-027-0002,1676,,Arrondissement du Plateau-Mont-Royal (Montréal)
29369,-000':19 '-0000':20 '-22':16 '-3':18 '-3460':17 '01102369':1 '1000':12 '1988':11 '3':9 '300':2 '3245':22 '330':3 '3356':21 '36':10 '50':8 '9743':15 'du':5 'lao':6 'logement':13 'mtl':7 'rem21':23 'rue':4 'régulier':14,1102369,300,330,rue du Laos  ,,50,3,36,1988,1000,,,Logement,Régulier,9743-22-3460-3-000-0000,3356,3245,Arrondissement du Plateau-Mont-Royal (Montréal)
29520,"-000':19 '-0000':20 '-1654':17 '-2':18 '-84':16 '02035854':1 '1000':12 '1371':22 '1964':11 '28':10 '29e':4 '3':9 '50':8 '578':21 '6515':2,3 '9847':15 'avenu':5 'logement':13 'mtl':6 'rem24':23 'régulier':14 'sln':7",2035854,6515,6515,29e Avenue  ,,50,3,28,1964,1000,,,Logement,Régulier,9847-84-1654-2-000-0000,578,1371,Arrondissement de Rosemont - La Petite-Patrie
29693,"-000':21 '-0000':22 '-3399':19 '-47':18 '-8':20 '0041':17 '01126625':1 '1000':14 '1350':23 '1988':13 '2347':24 '31':12 '4':11 '50':10 '965':2,3 'boulevard':4 'est':8 'logement':15 'lévesqu':7 'mtl':9 'rem19':25 'rené':6 'rené-lévesqu':5 'régulier':16",1126625,965,965,boulevard René-Lévesque Est  ,,50,4,31,1988,1000,,,Logement,Régulier,0041-47-3399-8-000-0000,1350,2347,Arrondissement de Ville-Marie (Montréal)
29794,-000':20 '-0000':21 '-2':19 '-4287':18 '-71':17 '01112154':1 '1000':13 '1689':22 '1921':2 '1933':3 '1991':12 '2382':23 '24':11 '3':10 '50':9 '9938':16 'augustin':6 'augustin-cantin':5 'cantin':7 'logement':14 'mtl':8 'rem20':24 'rue':4 'régulier':15,1112154,1921,1933,rue Augustin-Cantin  ,,50,3,24,1991,1000,,,Logement,Régulier,9938-71-4287-2-000-0000,1689,2382,Arrondissement du Sud-Ouest (Montréal)
29859,-0004':20 '-013':19 '-1':18 '-7220':17 '-83':16 '01109197':1 '1':9 '1000':12 '1163':21 '1800':11 '24':10 '3687':2 '3733':3 '50':8 '9841':15 'condominium':14 'hutchison':5 'logement':13 'mtl':6 'rem21':22 'rue':4,1109197,3687,3733,rue Hutchison  ,,50,1,24,1800,1000,,,Logement,Condominium,9841-83-7220-1-013-0004,1163,,Arrondissement du Plateau-Mont-Royal (Montréal)
29878,"-000':19 '-0000':20 '-5620':17 '-8':18 '-84':16 '01111906':1 '1000':12 '1723':21 '1900':11 '2133':22 '2387':2,3 '24':10 '3':9 '50':8 '9937':15 'colerain':6 'de':5 'logement':13 'mtl':7 'rem20':23 'rue':4 'régulier':14",1111906,2387,2387,rue de Coleraine  ,,50,3,24,1900,1000,,,Logement,Régulier,9937-84-5620-8-000-0000,1723,2133,Arrondissement du Sud-Ouest (Montréal)
30080,"-000':19 '-0000':20 '-0231':17 '-20':16 '-4':18 '03029241':1 '1000':12 '11970':2,3 '1863':22 '1970':11 '33':10 '4':9 '50':8 '811':21 '8843':15 'grenet':5 'logement':13 'mtl':6 'rem23':23 'rue':4 'régulier':14 'slr':7",3029241,11970,11970,rue Grenet  ,,50,4,33,1970,1000,,,Logement,Régulier,8843-20-0231-4-000-0000,811,1863,Arrondissement d'Ahuntsic-Cartierville
30148,"-000':20 '-0000':21 '-0541':18 '-1':19 '-71':17 '03071247':1 '1000':13 '1060':22 '1855':23 '1963':12 '33':11 '4':10 '50':9 '6060':2,3 '8743':16 'logement':14 'mtl':8 'nelligan':7 'rem23':24 'rue':4 'régulier':15 'émile':6 'émile-nelligan':5",3071247,6060,6060,rue Émile-Nelligan  ,,50,4,33,1963,1000,,,Logement,Régulier,8743-71-0541-1-000-0000,1060,1855,Arrondissement d'Ahuntsic-Cartierville
30177,"-0002':20 '-015':19 '-1':18 '-7220':17 '-83':16 '01109166':1 '1':9 '1000':12 '1344':21 '1924':11 '23':10 '3737':2,3 '50':8 '9841':15 'condominium':14 'hutchison':5 'logement':13 'mtl':6 'rem21':22 'rue':4",1109166,3737,3737,rue Hutchison  ,,50,1,23,1924,1000,,,Logement,Condominium,9841-83-7220-1-015-0002,1344,,Arrondissement du Plateau-Mont-Royal (Montréal)
30217,"-0':17 '-000':18 '-0000':19 '-26':15 '-7715':16 '03075381':1 '1000':11 '1641':21 '1962':10 '24':9 '4':8 '50':7 '5345':2,3 '613':20 '9336':14 'avenu':4 'logement':12 'mtl':6 'rem34':22 'régulier':13 'walkley':5",3075381,5345,5345,avenue Walkley  ,,50,4,24,1962,1000,,,Logement,Régulier,9336-26-7715-0-000-0000,613,1641,Arrondissement de Côte-des-Neiges - Notre-Dame-de-Grâce (Montréal)
30262,"-0':17 '-000':18 '-0000':19 '-01':15 '-8012':16 '02033529':1 '1000':11 '1071':20 '1665':21 '1958':10 '21e':4 '28':9 '3':8 '50':7 '6855':2,3 '9847':14 'avenu':5 'logement':12 'mtl':6 'rem24':22 'régulier':13",2033529,6855,6855,21e Avenue  ,,50,3,28,1958,1000,,,Logement,Régulier,9847-01-8012-0-000-0000,1071,1665,Arrondissement de Rosemont - La Petite-Patrie
30332,"-000':22 '-0000':23 '-2':21 '-4364':20 '-76':19 '0144':18 '02161702':1 '1000':15 '1919':25 '1993':14 '27':13 '3':12 '3454':2,3 '50':11 '979':24 'catherin':7 'est':8 'logement':16 'mte':9 'mtl':10 'rem22':26 'rue':4 'régulier':17 'saint':6 'sainte-catherin':5",2161702,3454,3454,rue Sainte-Catherine Est  ,,50,3,27,1993,1000,,,Logement,Régulier,0144-76-4364-2-000-0000,979,1919,Arrondissement de Mercier - Hochelaga-Maisonneuve (Montréal)
30389,-0002':20 '-001':19 '-1':18 '-7220':17 '-83':16 '01109231':1 '1':9 '1000':12 '1878':21 '1900':11 '23':10 '3658':2 '3660':3 '50':8 '9841':15 'avenu':4 'condominium':14 'du':5 'logement':13 'mtl':7 'parc':6 'rem21':22,1109231,3658,3660,avenue du Parc  ,,50,1,23,1900,1000,,,Logement,Condominium,9841-83-7220-1-001-0002,1878,,Arrondissement du Plateau-Mont-Royal (Montréal)
30616,"-000':21 '-0000':22 '-2':20 '-5022':19 '-71':18 '01128836':1 '1000':14 '1831':2,3 '1957':13 '20':12 '2045':24 '4':11 '50':10 '775':23 '9839':17 'boulevard':4 'logement':15 'lévesqu':7 'mtl':9 'ouest':8 'rem19':25 'rené':6 'rené-lévesqu':5 'régulier':16",1128836,1831,1831,boulevard René-Lévesque Ouest  ,,50,4,20,1957,1000,,,Logement,Régulier,9839-71-5022-2-000-0000,775,2045,Arrondissement de Ville-Marie (Montréal)
31291,"-000':20 '-0000':21 '-4201':18 '-5':19 '-68':17 '03008730':1 '1000':13 '1969':12 '26':11 '375':22 '4':10 '50':9 '6435':2,3 '829':23 '9643':16 'deni':7 'logement':14 'mtl':8 'rem24':24 'rue':4 'régulier':15 'saint':6 'saint-deni':5",3008730,6435,6435,rue Saint-Denis  ,,50,4,26,1969,1000,,,Logement,Régulier,9643-68-4201-5-000-0000,375,829,Arrondissement de Rosemont - La Petite-Patrie
31301,-000':21 '-0000':22 '-09':18 '-4814':19 '-7':20 '05072434':1 '1000':14 '1800':24 '1909':23 '2001':13 '24':12 '3':11 '50':10 '6429':2 '6435':3 '9535':17 'boulevard':4 'de':5 'logement':15 'maisonneuv':6 'mtl':8 'ouest':7 'rem34':25 'régulier':16 'wmt':9,5072434,6429,6435,boulevard De Maisonneuve Ouest  ,,50,3,24,2001,1000,,,Logement,Régulier,9535-09-4814-7-000-0000,1909,1800,Arrondissement de Côte-des-Neiges - Notre-Dame-de-Grâce (Montréal)
31575,"-000':20 '-0000':21 '-1733':18 '-5':19 '-75':17 '03014882':1 '1000':13 '1083':22 '1397':23 '1969':12 '24':11 '3':10 '50':9 '8390':2,3 '9445':16 'avenu':4 'christoph':6 'christophe-colomb':5 'colomb':7 'logement':14 'mtl':8 'rem25':24 'régulier':15",3014882,8390,8390,avenue Christophe-Colomb  ,,50,3,24,1969,1000,,,Logement,Régulier,9445-75-1733-5-000-0000,1083,1397,Arrondissement de Villeray - Saint-Michel - Parc-Extension (Montréal)
31597,-0':19 '-000':20 '-0000':21 '-5815':18 '-61':17 '01112148':1 '1000':13 '1694':22 '1991':12 '2025':2 '2035':3 '24':11 '2596':23 '3':10 '50':9 '9938':16 'augustin':6 'augustin-cantin':5 'cantin':7 'logement':14 'mtl':8 'rem20':24 'rue':4 'régulier':15,1112148,2025,2035,rue Augustin-Cantin  ,,50,3,24,1991,1000,,,Logement,Régulier,9938-61-5815-0-000-0000,1694,2596,Arrondissement du Sud-Ouest (Montréal)
31717,"-000':20 '-0000':21 '-4385':18 '-5':19 '-72':17 '02011791':1 '1000':13 '1261':23 '1959':12 '25':11 '3':10 '4395':2,3 '484':22 '50':9 '9847':16 'anj':7 'beaubien':5 'est':6 'logement':14 'mtl':8 'rem24':24 'rue':4 'régulier':15",2011791,4395,4395,rue Beaubien Est  ,,50,3,25,1959,1000,,,Logement,Régulier,9847-72-4385-5-000-0000,484,1261,Arrondissement de Rosemont - La Petite-Patrie